Position;Height above ground [m];Time;X [m];Y [m];Z [m];Opening Angle [°];Stalling Angle Left [°];Stalling Angle Right [°];Roll Angle Left [°];Roll Angle Right [°];Yaw Angle Left [°];Yaw Angle Right [°];Speed hor. [km/h];Speed vert. [km/h];Speed resulting [km/h];WindTime|WindName|WindSpeed|WindSpeedTangent|WindTurbulence|WindSpeedCleanTan|WindSpeedCross
-96.73;NaN;0001-01-01T00:00:00.0490000+01:00;-84.05;0.00;45.21;NaN;NaN;NaN;NaN;NaN;NaN;NaN;0.000;0.000;0.000;"0001-01-01T00:00:00.000+01:00|W1|1.2|-0.21|0.04|-0.21|1.19;0001-01-01T00:00:00.000+01:00|W2|0.5|0.37|0.05|0.37|0.10;0001-01-01T00:00:00.000+01:00|W3|0.9|0.80|0.05|0.80|0.16;0001-01-01T00:00:00.000+01:00|W4|1.1|-0.77|0.59|-0.77|0.76;0001-01-01T00:00:00.000+01:00|W5|1.2|-0.53|0.28|-0.53|1.04;0001-01-01T00:00:00.000+01:00|W6|0.9|-0.76|0.32|-0.76|0.54;0001-01-01T00:00:00.000+01:00|W7|1.5|-1.22|0.19|-1.22|0.95;0001-01-01T00:00:00.000+01:00|W8|1.3|-0.70|0.54|-0.70|0.96;0001-01-01T00:00:00.000+01:00|W9|1.6|-1.57|0.25|-1.57|0.12;0001-01-01T00:00:00.000+01:00|W10|2.0|-1.64|0.23|-1.64|1.22;0001-01-01T00:00:00.000+01:00|W11|0.6|-0.11|0.00|-0.11|0.61;0001-01-01T00:00:00.000+01:00|W12|1.4|-0.95|0.05|-0.95|0.99"
0.00;2.93;0001-01-01T00:00:04.2640000+01:00;0.03;0.00;-0.01;0.0;-11.500;-11.500;0.000;0.000;0.000;0.000;98.958;-20.133;100.986;"0001-01-01T00:00:04.246+01:00|W1|1.2|-0.21|0.02|-0.21|1.13;0001-01-01T00:00:04.246+01:00|W2|0.5|0.37|0.01|0.37|0.40;0001-01-01T00:00:04.246+01:00|W3|1.0|0.56|0.01|0.56|0.76;0001-01-01T00:00:04.246+01:00|W4|1.7|-0.88|0.21|-0.88|1.49;0001-01-01T00:00:04.246+01:00|W5|0.9|-0.09|0.13|-0.09|0.83;0001-01-01T00:00:04.246+01:00|W6|0.8|-0.44|0.10|-0.44|0.69;0001-01-01T00:00:04.246+01:00|W7|1.3|-0.42|0.28|-0.42|1.17;0001-01-01T00:00:04.246+01:00|W8|2.0|-1.43|0.29|-1.43|1.24;0001-01-01T00:00:04.246+01:00|W9|1.7|-1.59|0.04|-1.59|0.23;0001-01-01T00:00:04.246+01:00|W10|1.6|-1.31|0.21|-1.31|0.80;0001-01-01T00:00:04.246+01:00|W11|0.9|-0.13|0.12|-0.13|0.85;0001-01-01T00:00:04.246+01:00|W12|0.9|-0.72|0.20|-0.72|0.46"
1.00;2.88;0001-01-01T00:00:04.4580000+01:00;1.33;-0.02;-0.21;3.0;-13.091;-11.892;-1.455;3.073;1.433;-1.604;99.365;-16.151;100.671;"0001-01-01T00:00:04.498+01:00|W1|1.2|-0.20|0.03|-0.20|1.13;0001-01-01T00:00:04.498+01:00|W2|0.5|0.37|0.02|0.37|0.36;0001-01-01T00:00:04.498+01:00|W3|1.0|0.52|0.05|0.52|0.81;0001-01-01T00:00:04.498+01:00|W4|1.4|-0.81|0.15|-0.81|1.14;0001-01-01T00:00:04.498+01:00|W5|0.9|-0.35|0.16|-0.35|0.70;0001-01-01T00:00:04.498+01:00|W6|0.9|-0.36|0.03|-0.36|0.78;0001-01-01T00:00:04.498+01:00|W7|1.3|-0.31|0.29|-0.31|1.17;0001-01-01T00:00:04.498+01:00|W8|2.0|-1.38|0.24|-1.38|1.27;0001-01-01T00:00:04.498+01:00|W9|1.7|-1.67|0.08|-1.67|0.21;0001-01-01T00:00:04.498+01:00|W10|1.6|-1.32|0.17|-1.32|0.83;0001-01-01T00:00:04.498+01:00|W11|0.9|-0.15|0.11|-0.15|0.85;0001-01-01T00:00:04.498+01:00|W12|0.8|-0.70|0.18|-0.70|0.45"
2.00;2.86;0001-01-01T00:00:04.5000000+01:00;2.37;-0.03;-0.37;5.3;-14.266;-12.087;-2.591;5.512;2.571;-2.884;99.677;-13.069;100.538;"0001-01-01T00:00:04.498+01:00|W1|1.2|-0.20|0.03|-0.20|1.13;0001-01-01T00:00:04.498+01:00|W2|0.5|0.37|0.02|0.37|0.36;0001-01-01T00:00:04.498+01:00|W3|1.0|0.52|0.05|0.52|0.81;0001-01-01T00:00:04.498+01:00|W4|1.4|-0.81|0.15|-0.81|1.14;0001-01-01T00:00:04.498+01:00|W5|0.9|-0.35|0.16|-0.35|0.70;0001-01-01T00:00:04.498+01:00|W6|0.9|-0.36|0.03|-0.36|0.78;0001-01-01T00:00:04.498+01:00|W7|1.3|-0.31|0.29|-0.31|1.17;0001-01-01T00:00:04.498+01:00|W8|2.0|-1.38|0.24|-1.38|1.27;0001-01-01T00:00:04.498+01:00|W9|1.7|-1.67|0.08|-1.67|0.21;0001-01-01T00:00:04.498+01:00|W10|1.6|-1.32|0.17|-1.32|0.83;0001-01-01T00:00:04.498+01:00|W11|0.9|-0.15|0.11|-0.15|0.85;0001-01-01T00:00:04.498+01:00|W12|0.8|-0.70|0.18|-0.70|0.45"
3.00;2.88;0001-01-01T00:00:04.5370000+01:00;3.41;-0.04;-0.51;7.4;-12.607;-8.859;-2.907;7.366;3.463;-4.099;99.611;-13.004;100.463;"0001-01-01T00:00:04.498+01:00|W1|1.2|-0.20|0.03|-0.20|1.13;0001-01-01T00:00:04.498+01:00|W2|0.5|0.37|0.02|0.37|0.36;0001-01-01T00:00:04.498+01:00|W3|1.0|0.52|0.05|0.52|0.81;0001-01-01T00:00:04.498+01:00|W4|1.4|-0.81|0.15|-0.81|1.14;0001-01-01T00:00:04.498+01:00|W5|0.9|-0.35|0.16|-0.35|0.70;0001-01-01T00:00:04.498+01:00|W6|0.9|-0.36|0.03|-0.36|0.78;0001-01-01T00:00:04.498+01:00|W7|1.3|-0.31|0.29|-0.31|1.17;0001-01-01T00:00:04.498+01:00|W8|2.0|-1.38|0.24|-1.38|1.27;0001-01-01T00:00:04.498+01:00|W9|1.7|-1.67|0.08|-1.67|0.21;0001-01-01T00:00:04.498+01:00|W10|1.6|-1.32|0.17|-1.32|0.83;0001-01-01T00:00:04.498+01:00|W11|0.9|-0.15|0.11|-0.15|0.85;0001-01-01T00:00:04.498+01:00|W12|0.8|-0.70|0.18|-0.70|0.45"
4.00;2.90;0001-01-01T00:00:04.5750000+01:00;4.44;-0.05;-0.66;9.7;-9.968;-4.062;-3.553;8.396;4.368;-5.391;98.740;-14.642;99.825;"0001-01-01T00:00:04.498+01:00|W1|1.2|-0.20|0.03|-0.20|1.13;0001-01-01T00:00:04.498+01:00|W2|0.5|0.37|0.02|0.37|0.36;0001-01-01T00:00:04.498+01:00|W3|1.0|0.52|0.05|0.52|0.81;0001-01-01T00:00:04.498+01:00|W4|1.4|-0.81|0.15|-0.81|1.14;0001-01-01T00:00:04.498+01:00|W5|0.9|-0.35|0.16|-0.35|0.70;0001-01-01T00:00:04.498+01:00|W6|0.9|-0.36|0.03|-0.36|0.78;0001-01-01T00:00:04.498+01:00|W7|1.3|-0.31|0.29|-0.31|1.17;0001-01-01T00:00:04.498+01:00|W8|2.0|-1.38|0.24|-1.38|1.27;0001-01-01T00:00:04.498+01:00|W9|1.7|-1.67|0.08|-1.67|0.21;0001-01-01T00:00:04.498+01:00|W10|1.6|-1.32|0.17|-1.32|0.83;0001-01-01T00:00:04.498+01:00|W11|0.9|-0.15|0.11|-0.15|0.85;0001-01-01T00:00:04.498+01:00|W12|0.8|-0.70|0.18|-0.70|0.45"
5.00;2.93;0001-01-01T00:00:04.6130000+01:00;5.47;-0.07;-0.82;11.9;-6.867;1.072;-4.207;9.153;5.275;-6.632;98.147;-16.192;99.480;"0001-01-01T00:00:04.498+01:00|W1|1.2|-0.20|0.03|-0.20|1.13;0001-01-01T00:00:04.498+01:00|W2|0.5|0.37|0.02|0.37|0.36;0001-01-01T00:00:04.498+01:00|W3|1.0|0.52|0.05|0.52|0.81;0001-01-01T00:00:04.498+01:00|W4|1.4|-0.81|0.15|-0.81|1.14;0001-01-01T00:00:04.498+01:00|W5|0.9|-0.35|0.16|-0.35|0.70;0001-01-01T00:00:04.498+01:00|W6|0.9|-0.36|0.03|-0.36|0.78;0001-01-01T00:00:04.498+01:00|W7|1.3|-0.31|0.29|-0.31|1.17;0001-01-01T00:00:04.498+01:00|W8|2.0|-1.38|0.24|-1.38|1.27;0001-01-01T00:00:04.498+01:00|W9|1.7|-1.67|0.08|-1.67|0.21;0001-01-01T00:00:04.498+01:00|W10|1.6|-1.32|0.17|-1.32|0.83;0001-01-01T00:00:04.498+01:00|W11|0.9|-0.15|0.11|-0.15|0.85;0001-01-01T00:00:04.498+01:00|W12|0.8|-0.70|0.18|-0.70|0.45"
6.00;2.98;0001-01-01T00:00:04.6500000+01:00;6.50;-0.08;-0.98;13.9;-3.788;5.481;-4.582;10.013;6.186;-7.724;98.667;-16.287;100.010;"0001-01-01T00:00:04.749+01:00|W1|1.2|-0.18|0.02|-0.18|1.15;0001-01-01T00:00:04.749+01:00|W2|0.5|0.39|0.04|0.39|0.30;0001-01-01T00:00:04.749+01:00|W3|1.0|0.51|0.04|0.51|0.80;0001-01-01T00:00:04.749+01:00|W4|1.4|-0.81|0.15|-0.81|1.14;0001-01-01T00:00:04.749+01:00|W5|0.9|-0.56|0.07|-0.56|0.67;0001-01-01T00:00:04.749+01:00|W6|0.9|-0.33|0.03|-0.33|0.82;0001-01-01T00:00:04.749+01:00|W7|1.3|-0.34|0.28|-0.34|1.17;0001-01-01T00:00:04.749+01:00|W8|2.0|-1.35|0.22|-1.35|1.27;0001-01-01T00:00:04.749+01:00|W9|1.7|-1.62|0.02|-1.62|0.16;0001-01-01T00:00:04.749+01:00|W10|1.5|-1.26|0.17|-1.26|0.87;0001-01-01T00:00:04.749+01:00|W11|0.9|-0.14|0.09|-0.14|0.85;0001-01-01T00:00:04.749+01:00|W12|0.8|-0.70|0.17|-0.70|0.43"
7.00;3.01;0001-01-01T00:00:04.6870000+01:00;7.52;-0.09;-1.17;16.3;-2.660;7.086;-3.703;8.425;7.504;-8.833;98.949;-17.748;100.536;"0001-01-01T00:00:04.749+01:00|W1|1.2|-0.18|0.02|-0.18|1.15;0001-01-01T00:00:04.749+01:00|W2|0.5|0.39|0.04|0.39|0.30;0001-01-01T00:00:04.749+01:00|W3|1.0|0.51|0.04|0.51|0.80;0001-01-01T00:00:04.749+01:00|W4|1.4|-0.81|0.15|-0.81|1.14;0001-01-01T00:00:04.749+01:00|W5|0.9|-0.56|0.07|-0.56|0.67;0001-01-01T00:00:04.749+01:00|W6|0.9|-0.33|0.03|-0.33|0.82;0001-01-01T00:00:04.749+01:00|W7|1.3|-0.34|0.28|-0.34|1.17;0001-01-01T00:00:04.749+01:00|W8|2.0|-1.35|0.22|-1.35|1.27;0001-01-01T00:00:04.749+01:00|W9|1.7|-1.62|0.02|-1.62|0.16;0001-01-01T00:00:04.749+01:00|W10|1.5|-1.26|0.17|-1.26|0.87;0001-01-01T00:00:04.749+01:00|W11|0.9|-0.14|0.09|-0.14|0.85;0001-01-01T00:00:04.749+01:00|W12|0.8|-0.70|0.17|-0.70|0.43"
8.00;3.05;0001-01-01T00:00:04.7240000+01:00;8.55;-0.11;-1.37;18.7;-1.534;8.689;-2.826;6.839;8.820;-9.941;99.231;-19.207;101.081;"0001-01-01T00:00:04.749+01:00|W1|1.2|-0.18|0.02|-0.18|1.15;0001-01-01T00:00:04.749+01:00|W2|0.5|0.39|0.04|0.39|0.30;0001-01-01T00:00:04.749+01:00|W3|1.0|0.51|0.04|0.51|0.80;0001-01-01T00:00:04.749+01:00|W4|1.4|-0.81|0.15|-0.81|1.14;0001-01-01T00:00:04.749+01:00|W5|0.9|-0.56|0.07|-0.56|0.67;0001-01-01T00:00:04.749+01:00|W6|0.9|-0.33|0.03|-0.33|0.82;0001-01-01T00:00:04.749+01:00|W7|1.3|-0.34|0.28|-0.34|1.17;0001-01-01T00:00:04.749+01:00|W8|2.0|-1.35|0.22|-1.35|1.27;0001-01-01T00:00:04.749+01:00|W9|1.7|-1.62|0.02|-1.62|0.16;0001-01-01T00:00:04.749+01:00|W10|1.5|-1.26|0.17|-1.26|0.87;0001-01-01T00:00:04.749+01:00|W11|0.9|-0.14|0.09|-0.14|0.85;0001-01-01T00:00:04.749+01:00|W12|0.8|-0.70|0.17|-0.70|0.43"
9.00;3.10;0001-01-01T00:00:04.7610000+01:00;9.56;-0.12;-1.56;21.4;-0.803;9.460;-1.570;3.989;10.314;-11.119;99.521;-20.810;101.681;"0001-01-01T00:00:04.749+01:00|W1|1.2|-0.18|0.02|-0.18|1.15;0001-01-01T00:00:04.749+01:00|W2|0.5|0.39|0.04|0.39|0.30;0001-01-01T00:00:04.749+01:00|W3|1.0|0.51|0.04|0.51|0.80;0001-01-01T00:00:04.749+01:00|W4|1.4|-0.81|0.15|-0.81|1.14;0001-01-01T00:00:04.749+01:00|W5|0.9|-0.56|0.07|-0.56|0.67;0001-01-01T00:00:04.749+01:00|W6|0.9|-0.33|0.03|-0.33|0.82;0001-01-01T00:00:04.749+01:00|W7|1.3|-0.34|0.28|-0.34|1.17;0001-01-01T00:00:04.749+01:00|W8|2.0|-1.35|0.22|-1.35|1.27;0001-01-01T00:00:04.749+01:00|W9|1.7|-1.62|0.02|-1.62|0.16;0001-01-01T00:00:04.749+01:00|W10|1.5|-1.26|0.17|-1.26|0.87;0001-01-01T00:00:04.749+01:00|W11|0.9|-0.14|0.09|-0.14|0.85;0001-01-01T00:00:04.749+01:00|W12|0.8|-0.70|0.17|-0.70|0.43"
10.00;3.15;0001-01-01T00:00:04.7980000+01:00;10.58;-0.13;-1.78;24.5;-0.846;8.596;0.429;-1.347;12.158;-12.438;99.826;-22.699;102.382;"0001-01-01T00:00:04.749+01:00|W1|1.2|-0.18|0.02|-0.18|1.15;0001-01-01T00:00:04.749+01:00|W2|0.5|0.39|0.04|0.39|0.30;0001-01-01T00:00:04.749+01:00|W3|1.0|0.51|0.04|0.51|0.80;0001-01-01T00:00:04.749+01:00|W4|1.4|-0.81|0.15|-0.81|1.14;0001-01-01T00:00:04.749+01:00|W5|0.9|-0.56|0.07|-0.56|0.67;0001-01-01T00:00:04.749+01:00|W6|0.9|-0.33|0.03|-0.33|0.82;0001-01-01T00:00:04.749+01:00|W7|1.3|-0.34|0.28|-0.34|1.17;0001-01-01T00:00:04.749+01:00|W8|2.0|-1.35|0.22|-1.35|1.27;0001-01-01T00:00:04.749+01:00|W9|1.7|-1.62|0.02|-1.62|0.16;0001-01-01T00:00:04.749+01:00|W10|1.5|-1.26|0.17|-1.26|0.87;0001-01-01T00:00:04.749+01:00|W11|0.9|-0.14|0.09|-0.14|0.85;0001-01-01T00:00:04.749+01:00|W12|0.8|-0.70|0.17|-0.70|0.43"
11.00;3.19;0001-01-01T00:00:04.8340000+01:00;11.59;-0.15;-2.01;27.8;-2.089;6.622;1.989;-5.444;13.911;-13.875;99.823;-23.159;102.482;"0001-01-01T00:00:04.749+01:00|W1|1.2|-0.18|0.02|-0.18|1.15;0001-01-01T00:00:04.749+01:00|W2|0.5|0.39|0.04|0.39|0.30;0001-01-01T00:00:04.749+01:00|W3|1.0|0.51|0.04|0.51|0.80;0001-01-01T00:00:04.749+01:00|W4|1.4|-0.81|0.15|-0.81|1.14;0001-01-01T00:00:04.749+01:00|W5|0.9|-0.56|0.07|-0.56|0.67;0001-01-01T00:00:04.749+01:00|W6|0.9|-0.33|0.03|-0.33|0.82;0001-01-01T00:00:04.749+01:00|W7|1.3|-0.34|0.28|-0.34|1.17;0001-01-01T00:00:04.749+01:00|W8|2.0|-1.35|0.22|-1.35|1.27;0001-01-01T00:00:04.749+01:00|W9|1.7|-1.62|0.02|-1.62|0.16;0001-01-01T00:00:04.749+01:00|W10|1.5|-1.26|0.17|-1.26|0.87;0001-01-01T00:00:04.749+01:00|W11|0.9|-0.14|0.09|-0.14|0.85;0001-01-01T00:00:04.749+01:00|W12|0.8|-0.70|0.17|-0.70|0.43"
12.00;3.24;0001-01-01T00:00:04.8710000+01:00;12.60;-0.16;-2.25;30.5;-2.561;5.117;4.202;-9.630;15.260;-15.203;99.803;-23.933;102.639;"0001-01-01T00:00:04.749+01:00|W1|1.2|-0.18|0.02|-0.18|1.15;0001-01-01T00:00:04.749+01:00|W2|0.5|0.39|0.04|0.39|0.30;0001-01-01T00:00:04.749+01:00|W3|1.0|0.51|0.04|0.51|0.80;0001-01-01T00:00:04.749+01:00|W4|1.4|-0.81|0.15|-0.81|1.14;0001-01-01T00:00:04.749+01:00|W5|0.9|-0.56|0.07|-0.56|0.67;0001-01-01T00:00:04.749+01:00|W6|0.9|-0.33|0.03|-0.33|0.82;0001-01-01T00:00:04.749+01:00|W7|1.3|-0.34|0.28|-0.34|1.17;0001-01-01T00:00:04.749+01:00|W8|2.0|-1.35|0.22|-1.35|1.27;0001-01-01T00:00:04.749+01:00|W9|1.7|-1.62|0.02|-1.62|0.16;0001-01-01T00:00:04.749+01:00|W10|1.5|-1.26|0.17|-1.26|0.87;0001-01-01T00:00:04.749+01:00|W11|0.9|-0.14|0.09|-0.14|0.85;0001-01-01T00:00:04.749+01:00|W12|0.8|-0.70|0.17|-0.70|0.43"
13.00;3.29;0001-01-01T00:00:04.9070000+01:00;13.60;-0.17;-2.49;32.6;-2.426;3.992;6.422;-13.432;16.174;-16.386;99.772;-24.797;102.814;"0001-01-01T00:00:04.995+01:00|W1|1.2|-0.18|0.02|-0.18|1.15;0001-01-01T00:00:04.995+01:00|W2|0.5|0.39|0.04|0.39|0.30;0001-01-01T00:00:04.995+01:00|W3|1.0|0.51|0.04|0.51|0.80;0001-01-01T00:00:04.995+01:00|W4|1.4|-0.81|0.15|-0.81|1.14;0001-01-01T00:00:04.995+01:00|W5|0.9|-0.56|0.07|-0.56|0.67;0001-01-01T00:00:04.995+01:00|W6|0.9|-0.33|0.03|-0.33|0.82;0001-01-01T00:00:04.995+01:00|W7|1.3|-0.34|0.28|-0.34|1.17;0001-01-01T00:00:04.995+01:00|W8|2.0|-1.35|0.22|-1.35|1.27;0001-01-01T00:00:04.995+01:00|W9|1.7|-1.62|0.02|-1.62|0.16;0001-01-01T00:00:04.995+01:00|W10|1.5|-1.26|0.17|-1.26|0.87;0001-01-01T00:00:04.995+01:00|W11|0.9|-0.14|0.09|-0.14|0.85;0001-01-01T00:00:04.995+01:00|W12|0.8|-0.70|0.17|-0.70|0.43"
14.00;3.34;0001-01-01T00:00:04.9430000+01:00;14.60;-0.18;-2.75;33.8;-2.055;3.024;7.136;-15.635;16.513;-17.326;99.722;-25.161;102.855;"0001-01-01T00:00:04.995+01:00|W1|1.2|-0.18|0.02|-0.18|1.15;0001-01-01T00:00:04.995+01:00|W2|0.5|0.39|0.04|0.39|0.30;0001-01-01T00:00:04.995+01:00|W3|1.0|0.51|0.04|0.51|0.80;0001-01-01T00:00:04.995+01:00|W4|1.4|-0.81|0.15|-0.81|1.14;0001-01-01T00:00:04.995+01:00|W5|0.9|-0.56|0.07|-0.56|0.67;0001-01-01T00:00:04.995+01:00|W6|0.9|-0.33|0.03|-0.33|0.82;0001-01-01T00:00:04.995+01:00|W7|1.3|-0.34|0.28|-0.34|1.17;0001-01-01T00:00:04.995+01:00|W8|2.0|-1.35|0.22|-1.35|1.27;0001-01-01T00:00:04.995+01:00|W9|1.7|-1.62|0.02|-1.62|0.16;0001-01-01T00:00:04.995+01:00|W10|1.5|-1.26|0.17|-1.26|0.87;0001-01-01T00:00:04.995+01:00|W11|0.9|-0.14|0.09|-0.14|0.85;0001-01-01T00:00:04.995+01:00|W12|0.8|-0.70|0.17|-0.70|0.43"
15.00;3.40;0001-01-01T00:00:04.9790000+01:00;15.60;-0.19;-3.01;34.0;-0.651;2.996;7.964;-18.208;16.166;-17.870;99.677;-25.883;102.990;"0001-01-01T00:00:04.995+01:00|W1|1.2|-0.18|0.02|-0.18|1.15;0001-01-01T00:00:04.995+01:00|W2|0.5|0.39|0.04|0.39|0.30;0001-01-01T00:00:04.995+01:00|W3|1.0|0.51|0.04|0.51|0.80;0001-01-01T00:00:04.995+01:00|W4|1.4|-0.81|0.15|-0.81|1.14;0001-01-01T00:00:04.995+01:00|W5|0.9|-0.56|0.07|-0.56|0.67;0001-01-01T00:00:04.995+01:00|W6|0.9|-0.33|0.03|-0.33|0.82;0001-01-01T00:00:04.995+01:00|W7|1.3|-0.34|0.28|-0.34|1.17;0001-01-01T00:00:04.995+01:00|W8|2.0|-1.35|0.22|-1.35|1.27;0001-01-01T00:00:04.995+01:00|W9|1.7|-1.62|0.02|-1.62|0.16;0001-01-01T00:00:04.995+01:00|W10|1.5|-1.26|0.17|-1.26|0.87;0001-01-01T00:00:04.995+01:00|W11|0.9|-0.14|0.09|-0.14|0.85;0001-01-01T00:00:04.995+01:00|W12|0.8|-0.70|0.17|-0.70|0.43"
16.00;3.46;0001-01-01T00:00:05.0150000+01:00;16.60;-0.21;-3.27;34.0;0.959;3.156;8.815;-20.853;15.683;-18.334;99.633;-26.676;103.148;"0001-01-01T00:00:04.995+01:00|W1|1.2|-0.18|0.02|-0.18|1.15;0001-01-01T00:00:04.995+01:00|W2|0.5|0.39|0.04|0.39|0.30;0001-01-01T00:00:04.995+01:00|W3|1.0|0.51|0.04|0.51|0.80;0001-01-01T00:00:04.995+01:00|W4|1.4|-0.81|0.15|-0.81|1.14;0001-01-01T00:00:04.995+01:00|W5|0.9|-0.56|0.07|-0.56|0.67;0001-01-01T00:00:04.995+01:00|W6|0.9|-0.33|0.03|-0.33|0.82;0001-01-01T00:00:04.995+01:00|W7|1.3|-0.34|0.28|-0.34|1.17;0001-01-01T00:00:04.995+01:00|W8|2.0|-1.35|0.22|-1.35|1.27;0001-01-01T00:00:04.995+01:00|W9|1.7|-1.62|0.02|-1.62|0.16;0001-01-01T00:00:04.995+01:00|W10|1.5|-1.26|0.17|-1.26|0.87;0001-01-01T00:00:04.995+01:00|W11|0.9|-0.14|0.09|-0.14|0.85;0001-01-01T00:00:04.995+01:00|W12|0.8|-0.70|0.17|-0.70|0.43"
17.00;3.53;0001-01-01T00:00:05.0510000+01:00;17.59;-0.22;-3.54;33.9;2.571;3.354;9.700;-23.492;15.198;-18.781;99.587;-27.469;103.311;"0001-01-01T00:00:04.995+01:00|W1|1.2|-0.18|0.02|-0.18|1.15;0001-01-01T00:00:04.995+01:00|W2|0.5|0.39|0.04|0.39|0.30;0001-01-01T00:00:04.995+01:00|W3|1.0|0.51|0.04|0.51|0.80;0001-01-01T00:00:04.995+01:00|W4|1.4|-0.81|0.15|-0.81|1.14;0001-01-01T00:00:04.995+01:00|W5|0.9|-0.56|0.07|-0.56|0.67;0001-01-01T00:00:04.995+01:00|W6|0.9|-0.33|0.03|-0.33|0.82;0001-01-01T00:00:04.995+01:00|W7|1.3|-0.34|0.28|-0.34|1.17;0001-01-01T00:00:04.995+01:00|W8|2.0|-1.35|0.22|-1.35|1.27;0001-01-01T00:00:04.995+01:00|W9|1.7|-1.62|0.02|-1.62|0.16;0001-01-01T00:00:04.995+01:00|W10|1.5|-1.26|0.17|-1.26|0.87;0001-01-01T00:00:04.995+01:00|W11|0.9|-0.14|0.09|-0.14|0.85;0001-01-01T00:00:04.995+01:00|W12|0.8|-0.70|0.17|-0.70|0.43"
18.00;3.60;0001-01-01T00:00:05.0870000+01:00;18.59;-0.23;-3.81;33.6;4.228;4.148;11.115;-26.046;14.698;-18.968;99.510;-28.272;103.452;"0001-01-01T00:00:04.995+01:00|W1|1.2|-0.18|0.02|-0.18|1.15;0001-01-01T00:00:04.995+01:00|W2|0.5|0.39|0.04|0.39|0.30;0001-01-01T00:00:04.995+01:00|W3|1.0|0.51|0.04|0.51|0.80;0001-01-01T00:00:04.995+01:00|W4|1.4|-0.81|0.15|-0.81|1.14;0001-01-01T00:00:04.995+01:00|W5|0.9|-0.56|0.07|-0.56|0.67;0001-01-01T00:00:04.995+01:00|W6|0.9|-0.33|0.03|-0.33|0.82;0001-01-01T00:00:04.995+01:00|W7|1.3|-0.34|0.28|-0.34|1.17;0001-01-01T00:00:04.995+01:00|W8|2.0|-1.35|0.22|-1.35|1.27;0001-01-01T00:00:04.995+01:00|W9|1.7|-1.62|0.02|-1.62|0.16;0001-01-01T00:00:04.995+01:00|W10|1.5|-1.26|0.17|-1.26|0.87;0001-01-01T00:00:04.995+01:00|W11|0.9|-0.14|0.09|-0.14|0.85;0001-01-01T00:00:04.995+01:00|W12|0.8|-0.70|0.17|-0.70|0.43"
19.00;3.67;0001-01-01T00:00:05.1230000+01:00;19.58;-0.24;-4.09;33.6;5.241;4.815;12.624;-27.276;14.515;-19.154;99.324;-29.105;103.503;"0001-01-01T00:00:05.250+01:00|W1|1.3|-0.18|0.06|-0.18|1.24;0001-01-01T00:00:05.250+01:00|W2|0.5|0.41|0.06|0.41|0.23;0001-01-01T00:00:05.250+01:00|W3|1.0|0.46|0.03|0.46|0.81;0001-01-01T00:00:05.250+01:00|W4|1.7|-1.08|0.05|-1.08|1.26;0001-01-01T00:00:05.250+01:00|W5|1.1|-0.62|0.06|-0.62|0.76;0001-01-01T00:00:05.250+01:00|W6|1.0|-0.43|0.07|-0.43|0.84;0001-01-01T00:00:05.250+01:00|W7|1.4|-0.54|0.09|-0.54|1.32;0001-01-01T00:00:05.250+01:00|W8|2.0|-1.29|0.13|-1.29|1.22;0001-01-01T00:00:05.250+01:00|W9|1.5|-1.48|0.09|-1.48|0.12;0001-01-01T00:00:05.250+01:00|W10|1.5|-1.18|0.18|-1.18|0.90;0001-01-01T00:00:05.250+01:00|W11|0.9|-0.12|0.08|-0.12|0.87;0001-01-01T00:00:05.250+01:00|W12|0.8|-0.70|0.12|-0.70|0.40"
20.00;3.74;0001-01-01T00:00:05.1590000+01:00;20.56;-0.25;-4.38;33.6;5.929;5.403;14.174;-28.153;14.491;-19.254;99.067;-29.880;103.476;"0001-01-01T00:00:05.250+01:00|W1|1.3|-0.18|0.06|-0.18|1.24;0001-01-01T00:00:05.250+01:00|W2|0.5|0.41|0.06|0.41|0.23;0001-01-01T00:00:05.250+01:00|W3|1.0|0.46|0.03|0.46|0.81;0001-01-01T00:00:05.250+01:00|W4|1.7|-1.08|0.05|-1.08|1.26;0001-01-01T00:00:05.250+01:00|W5|1.1|-0.62|0.06|-0.62|0.76;0001-01-01T00:00:05.250+01:00|W6|1.0|-0.43|0.07|-0.43|0.84;0001-01-01T00:00:05.250+01:00|W7|1.4|-0.54|0.09|-0.54|1.32;0001-01-01T00:00:05.250+01:00|W8|2.0|-1.29|0.13|-1.29|1.22;0001-01-01T00:00:05.250+01:00|W9|1.5|-1.48|0.09|-1.48|0.12;0001-01-01T00:00:05.250+01:00|W10|1.5|-1.18|0.18|-1.18|0.90;0001-01-01T00:00:05.250+01:00|W11|0.9|-0.12|0.08|-0.12|0.87;0001-01-01T00:00:05.250+01:00|W12|0.8|-0.70|0.12|-0.70|0.40"
21.00;3.80;0001-01-01T00:00:05.1940000+01:00;21.54;-0.25;-4.69;33.4;6.610;5.947;15.708;-29.824;14.468;-19.135;98.770;-30.467;103.363;"0001-01-01T00:00:05.250+01:00|W1|1.3|-0.18|0.06|-0.18|1.24;0001-01-01T00:00:05.250+01:00|W2|0.5|0.41|0.06|0.41|0.23;0001-01-01T00:00:05.250+01:00|W3|1.0|0.46|0.03|0.46|0.81;0001-01-01T00:00:05.250+01:00|W4|1.7|-1.08|0.05|-1.08|1.26;0001-01-01T00:00:05.250+01:00|W5|1.1|-0.62|0.06|-0.62|0.76;0001-01-01T00:00:05.250+01:00|W6|1.0|-0.43|0.07|-0.43|0.84;0001-01-01T00:00:05.250+01:00|W7|1.4|-0.54|0.09|-0.54|1.32;0001-01-01T00:00:05.250+01:00|W8|2.0|-1.29|0.13|-1.29|1.22;0001-01-01T00:00:05.250+01:00|W9|1.5|-1.48|0.09|-1.48|0.12;0001-01-01T00:00:05.250+01:00|W10|1.5|-1.18|0.18|-1.18|0.90;0001-01-01T00:00:05.250+01:00|W11|0.9|-0.12|0.08|-0.12|0.87;0001-01-01T00:00:05.250+01:00|W12|0.8|-0.70|0.12|-0.70|0.40"
22.00;3.86;0001-01-01T00:00:05.2300000+01:00;22.52;-0.25;-5.00;33.4;6.262;6.154;17.702;-30.425;14.746;-18.845;98.605;-31.182;103.418;"0001-01-01T00:00:05.250+01:00|W1|1.3|-0.18|0.06|-0.18|1.24;0001-01-01T00:00:05.250+01:00|W2|0.5|0.41|0.06|0.41|0.23;0001-01-01T00:00:05.250+01:00|W3|1.0|0.46|0.03|0.46|0.81;0001-01-01T00:00:05.250+01:00|W4|1.7|-1.08|0.05|-1.08|1.26;0001-01-01T00:00:05.250+01:00|W5|1.1|-0.62|0.06|-0.62|0.76;0001-01-01T00:00:05.250+01:00|W6|1.0|-0.43|0.07|-0.43|0.84;0001-01-01T00:00:05.250+01:00|W7|1.4|-0.54|0.09|-0.54|1.32;0001-01-01T00:00:05.250+01:00|W8|2.0|-1.29|0.13|-1.29|1.22;0001-01-01T00:00:05.250+01:00|W9|1.5|-1.48|0.09|-1.48|0.12;0001-01-01T00:00:05.250+01:00|W10|1.5|-1.18|0.18|-1.18|0.90;0001-01-01T00:00:05.250+01:00|W11|0.9|-0.12|0.08|-0.12|0.87;0001-01-01T00:00:05.250+01:00|W12|0.8|-0.70|0.12|-0.70|0.40"
23.00;3.93;0001-01-01T00:00:05.2660000+01:00;23.49;-0.25;-5.31;33.4;5.764;6.313;19.761;-30.870;15.068;-18.531;98.458;-31.916;103.502;"0001-01-01T00:00:05.250+01:00|W1|1.3|-0.18|0.06|-0.18|1.24;0001-01-01T00:00:05.250+01:00|W2|0.5|0.41|0.06|0.41|0.23;0001-01-01T00:00:05.250+01:00|W3|1.0|0.46|0.03|0.46|0.81;0001-01-01T00:00:05.250+01:00|W4|1.7|-1.08|0.05|-1.08|1.26;0001-01-01T00:00:05.250+01:00|W5|1.1|-0.62|0.06|-0.62|0.76;0001-01-01T00:00:05.250+01:00|W6|1.0|-0.43|0.07|-0.43|0.84;0001-01-01T00:00:05.250+01:00|W7|1.4|-0.54|0.09|-0.54|1.32;0001-01-01T00:00:05.250+01:00|W8|2.0|-1.29|0.13|-1.29|1.22;0001-01-01T00:00:05.250+01:00|W9|1.5|-1.48|0.09|-1.48|0.12;0001-01-01T00:00:05.250+01:00|W10|1.5|-1.18|0.18|-1.18|0.90;0001-01-01T00:00:05.250+01:00|W11|0.9|-0.12|0.08|-0.12|0.87;0001-01-01T00:00:05.250+01:00|W12|0.8|-0.70|0.12|-0.70|0.40"
24.00;4.00;0001-01-01T00:00:05.3020000+01:00;24.47;-0.25;-5.62;33.5;5.220;6.448;21.850;-31.257;15.419;-18.218;98.320;-32.664;103.604;"0001-01-01T00:00:05.250+01:00|W1|1.3|-0.18|0.06|-0.18|1.24;0001-01-01T00:00:05.250+01:00|W2|0.5|0.41|0.06|0.41|0.23;0001-01-01T00:00:05.250+01:00|W3|1.0|0.46|0.03|0.46|0.81;0001-01-01T00:00:05.250+01:00|W4|1.7|-1.08|0.05|-1.08|1.26;0001-01-01T00:00:05.250+01:00|W5|1.1|-0.62|0.06|-0.62|0.76;0001-01-01T00:00:05.250+01:00|W6|1.0|-0.43|0.07|-0.43|0.84;0001-01-01T00:00:05.250+01:00|W7|1.4|-0.54|0.09|-0.54|1.32;0001-01-01T00:00:05.250+01:00|W8|2.0|-1.29|0.13|-1.29|1.22;0001-01-01T00:00:05.250+01:00|W9|1.5|-1.48|0.09|-1.48|0.12;0001-01-01T00:00:05.250+01:00|W10|1.5|-1.18|0.18|-1.18|0.90;0001-01-01T00:00:05.250+01:00|W11|0.9|-0.12|0.08|-0.12|0.87;0001-01-01T00:00:05.250+01:00|W12|0.8|-0.70|0.12|-0.70|0.40"
25.00;4.05;0001-01-01T00:00:05.3370000+01:00;25.43;-0.25;-5.95;33.9;4.087;6.281;24.335;-30.890;16.141;-17.917;98.283;-33.594;103.866;"0001-01-01T00:00:05.250+01:00|W1|1.3|-0.18|0.06|-0.18|1.24;0001-01-01T00:00:05.250+01:00|W2|0.5|0.41|0.06|0.41|0.23;0001-01-01T00:00:05.250+01:00|W3|1.0|0.46|0.03|0.46|0.81;0001-01-01T00:00:05.250+01:00|W4|1.7|-1.08|0.05|-1.08|1.26;0001-01-01T00:00:05.250+01:00|W5|1.1|-0.62|0.06|-0.62|0.76;0001-01-01T00:00:05.250+01:00|W6|1.0|-0.43|0.07|-0.43|0.84;0001-01-01T00:00:05.250+01:00|W7|1.4|-0.54|0.09|-0.54|1.32;0001-01-01T00:00:05.250+01:00|W8|2.0|-1.29|0.13|-1.29|1.22;0001-01-01T00:00:05.250+01:00|W9|1.5|-1.48|0.09|-1.48|0.12;0001-01-01T00:00:05.250+01:00|W10|1.5|-1.18|0.18|-1.18|0.90;0001-01-01T00:00:05.250+01:00|W11|0.9|-0.12|0.08|-0.12|0.87;0001-01-01T00:00:05.250+01:00|W12|0.8|-0.70|0.12|-0.70|0.40"
26.00;4.11;0001-01-01T00:00:05.3720000+01:00;26.40;-0.25;-6.29;34.6;2.956;6.143;25.973;-31.276;17.022;-17.656;98.229;-34.356;104.064;"0001-01-01T00:00:05.250+01:00|W1|1.3|-0.18|0.06|-0.18|1.24;0001-01-01T00:00:05.250+01:00|W2|0.5|0.41|0.06|0.41|0.23;0001-01-01T00:00:05.250+01:00|W3|1.0|0.46|0.03|0.46|0.81;0001-01-01T00:00:05.250+01:00|W4|1.7|-1.08|0.05|-1.08|1.26;0001-01-01T00:00:05.250+01:00|W5|1.1|-0.62|0.06|-0.62|0.76;0001-01-01T00:00:05.250+01:00|W6|1.0|-0.43|0.07|-0.43|0.84;0001-01-01T00:00:05.250+01:00|W7|1.4|-0.54|0.09|-0.54|1.32;0001-01-01T00:00:05.250+01:00|W8|2.0|-1.29|0.13|-1.29|1.22;0001-01-01T00:00:05.250+01:00|W9|1.5|-1.48|0.09|-1.48|0.12;0001-01-01T00:00:05.250+01:00|W10|1.5|-1.18|0.18|-1.18|0.90;0001-01-01T00:00:05.250+01:00|W11|0.9|-0.12|0.08|-0.12|0.87;0001-01-01T00:00:05.250+01:00|W12|0.8|-0.70|0.12|-0.70|0.40"
27.00;4.16;0001-01-01T00:00:05.4070000+01:00;27.36;-0.24;-6.63;35.4;1.861;6.003;27.284;-31.776;17.988;-17.493;98.173;-35.039;104.239;"0001-01-01T00:00:05.526+01:00|W1|1.3|-0.19|0.11|-0.19|1.29;0001-01-01T00:00:05.526+01:00|W2|0.5|0.41|0.06|0.41|0.23;0001-01-01T00:00:05.526+01:00|W3|1.1|0.44|0.04|0.44|0.84;0001-01-01T00:00:05.526+01:00|W4|1.7|-1.08|0.05|-1.08|1.26;0001-01-01T00:00:05.526+01:00|W5|1.0|-0.58|0.03|-0.58|0.71;0001-01-01T00:00:05.526+01:00|W6|1.0|-0.54|0.03|-0.54|0.77;0001-01-01T00:00:05.526+01:00|W7|1.5|-0.55|0.03|-0.55|1.38;0001-01-01T00:00:05.526+01:00|W8|1.9|-1.23|0.05|-1.23|1.23;0001-01-01T00:00:05.526+01:00|W9|1.5|-1.42|0.10|-1.42|0.12;0001-01-01T00:00:05.526+01:00|W10|1.5|-1.12|0.19|-1.12|0.93;0001-01-01T00:00:05.526+01:00|W11|0.9|-0.12|0.09|-0.12|0.89;0001-01-01T00:00:05.526+01:00|W12|0.8|-0.70|0.10|-0.70|0.38"
28.00;4.22;0001-01-01T00:00:05.4430000+01:00;28.32;-0.24;-6.97;36.5;0.875;5.806;28.961;-31.386;18.955;-17.567;98.137;-35.750;104.446;"0001-01-01T00:00:05.526+01:00|W1|1.3|-0.19|0.11|-0.19|1.29;0001-01-01T00:00:05.526+01:00|W2|0.5|0.41|0.06|0.41|0.23;0001-01-01T00:00:05.526+01:00|W3|1.1|0.44|0.04|0.44|0.84;0001-01-01T00:00:05.526+01:00|W4|1.7|-1.08|0.05|-1.08|1.26;0001-01-01T00:00:05.526+01:00|W5|1.0|-0.58|0.03|-0.58|0.71;0001-01-01T00:00:05.526+01:00|W6|1.0|-0.54|0.03|-0.54|0.77;0001-01-01T00:00:05.526+01:00|W7|1.5|-0.55|0.03|-0.55|1.38;0001-01-01T00:00:05.526+01:00|W8|1.9|-1.23|0.05|-1.23|1.23;0001-01-01T00:00:05.526+01:00|W9|1.5|-1.42|0.10|-1.42|0.12;0001-01-01T00:00:05.526+01:00|W10|1.5|-1.12|0.19|-1.12|0.93;0001-01-01T00:00:05.526+01:00|W11|0.9|-0.12|0.09|-0.12|0.89;0001-01-01T00:00:05.526+01:00|W12|0.8|-0.70|0.10|-0.70|0.38"
29.00;4.27;0001-01-01T00:00:05.4770000+01:00;29.27;-0.24;-7.33;37.3;0.227;5.637;30.195;-31.747;19.675;-17.698;98.192;-36.547;104.774;"0001-01-01T00:00:05.526+01:00|W1|1.3|-0.19|0.11|-0.19|1.29;0001-01-01T00:00:05.526+01:00|W2|0.5|0.41|0.06|0.41|0.23;0001-01-01T00:00:05.526+01:00|W3|1.1|0.44|0.04|0.44|0.84;0001-01-01T00:00:05.526+01:00|W4|1.7|-1.08|0.05|-1.08|1.26;0001-01-01T00:00:05.526+01:00|W5|1.0|-0.58|0.03|-0.58|0.71;0001-01-01T00:00:05.526+01:00|W6|1.0|-0.54|0.03|-0.54|0.77;0001-01-01T00:00:05.526+01:00|W7|1.5|-0.55|0.03|-0.55|1.38;0001-01-01T00:00:05.526+01:00|W8|1.9|-1.23|0.05|-1.23|1.23;0001-01-01T00:00:05.526+01:00|W9|1.5|-1.42|0.10|-1.42|0.12;0001-01-01T00:00:05.526+01:00|W10|1.5|-1.12|0.19|-1.12|0.93;0001-01-01T00:00:05.526+01:00|W11|0.9|-0.12|0.09|-0.12|0.89;0001-01-01T00:00:05.526+01:00|W12|0.8|-0.70|0.10|-0.70|0.38"
30.00;4.31;0001-01-01T00:00:05.5120000+01:00;30.22;-0.24;-7.68;38.0;-0.192;5.431;31.282;-31.978;20.179;-17.884;98.259;-37.378;105.129;"0001-01-01T00:00:05.526+01:00|W1|1.3|-0.19|0.11|-0.19|1.29;0001-01-01T00:00:05.526+01:00|W2|0.5|0.41|0.06|0.41|0.23;0001-01-01T00:00:05.526+01:00|W3|1.1|0.44|0.04|0.44|0.84;0001-01-01T00:00:05.526+01:00|W4|1.7|-1.08|0.05|-1.08|1.26;0001-01-01T00:00:05.526+01:00|W5|1.0|-0.58|0.03|-0.58|0.71;0001-01-01T00:00:05.526+01:00|W6|1.0|-0.54|0.03|-0.54|0.77;0001-01-01T00:00:05.526+01:00|W7|1.5|-0.55|0.03|-0.55|1.38;0001-01-01T00:00:05.526+01:00|W8|1.9|-1.23|0.05|-1.23|1.23;0001-01-01T00:00:05.526+01:00|W9|1.5|-1.42|0.10|-1.42|0.12;0001-01-01T00:00:05.526+01:00|W10|1.5|-1.12|0.19|-1.12|0.93;0001-01-01T00:00:05.526+01:00|W11|0.9|-0.12|0.09|-0.12|0.89;0001-01-01T00:00:05.526+01:00|W12|0.8|-0.70|0.10|-0.70|0.38"
31.00;4.35;0001-01-01T00:00:05.5470000+01:00;31.17;-0.24;-8.05;38.5;-0.363;5.152;32.292;-31.731;20.423;-18.139;98.311;-38.232;105.483;"0001-01-01T00:00:05.526+01:00|W1|1.3|-0.19|0.11|-0.19|1.29;0001-01-01T00:00:05.526+01:00|W2|0.5|0.41|0.06|0.41|0.23;0001-01-01T00:00:05.526+01:00|W3|1.1|0.44|0.04|0.44|0.84;0001-01-01T00:00:05.526+01:00|W4|1.7|-1.08|0.05|-1.08|1.26;0001-01-01T00:00:05.526+01:00|W5|1.0|-0.58|0.03|-0.58|0.71;0001-01-01T00:00:05.526+01:00|W6|1.0|-0.54|0.03|-0.54|0.77;0001-01-01T00:00:05.526+01:00|W7|1.5|-0.55|0.03|-0.55|1.38;0001-01-01T00:00:05.526+01:00|W8|1.9|-1.23|0.05|-1.23|1.23;0001-01-01T00:00:05.526+01:00|W9|1.5|-1.42|0.10|-1.42|0.12;0001-01-01T00:00:05.526+01:00|W10|1.5|-1.12|0.19|-1.12|0.93;0001-01-01T00:00:05.526+01:00|W11|0.9|-0.12|0.09|-0.12|0.89;0001-01-01T00:00:05.526+01:00|W12|0.8|-0.70|0.10|-0.70|0.38"
32.00;4.39;0001-01-01T00:00:05.5810000+01:00;32.11;-0.24;-8.42;38.6;-0.212;4.966;32.245;-30.981;20.377;-18.214;98.350;-39.086;105.832;"0001-01-01T00:00:05.526+01:00|W1|1.3|-0.19|0.11|-0.19|1.29;0001-01-01T00:00:05.526+01:00|W2|0.5|0.41|0.06|0.41|0.23;0001-01-01T00:00:05.526+01:00|W3|1.1|0.44|0.04|0.44|0.84;0001-01-01T00:00:05.526+01:00|W4|1.7|-1.08|0.05|-1.08|1.26;0001-01-01T00:00:05.526+01:00|W5|1.0|-0.58|0.03|-0.58|0.71;0001-01-01T00:00:05.526+01:00|W6|1.0|-0.54|0.03|-0.54|0.77;0001-01-01T00:00:05.526+01:00|W7|1.5|-0.55|0.03|-0.55|1.38;0001-01-01T00:00:05.526+01:00|W8|1.9|-1.23|0.05|-1.23|1.23;0001-01-01T00:00:05.526+01:00|W9|1.5|-1.42|0.10|-1.42|0.12;0001-01-01T00:00:05.526+01:00|W10|1.5|-1.12|0.19|-1.12|0.93;0001-01-01T00:00:05.526+01:00|W11|0.9|-0.12|0.09|-0.12|0.89;0001-01-01T00:00:05.526+01:00|W12|0.8|-0.70|0.10|-0.70|0.38"
33.00;4.43;0001-01-01T00:00:05.6160000+01:00;33.05;-0.24;-8.79;38.4;-0.074;4.756;32.144;-30.228;20.385;-18.127;98.305;-39.748;106.037;"0001-01-01T00:00:05.526+01:00|W1|1.3|-0.19|0.11|-0.19|1.29;0001-01-01T00:00:05.526+01:00|W2|0.5|0.41|0.06|0.41|0.23;0001-01-01T00:00:05.526+01:00|W3|1.1|0.44|0.04|0.44|0.84;0001-01-01T00:00:05.526+01:00|W4|1.7|-1.08|0.05|-1.08|1.26;0001-01-01T00:00:05.526+01:00|W5|1.0|-0.58|0.03|-0.58|0.71;0001-01-01T00:00:05.526+01:00|W6|1.0|-0.54|0.03|-0.54|0.77;0001-01-01T00:00:05.526+01:00|W7|1.5|-0.55|0.03|-0.55|1.38;0001-01-01T00:00:05.526+01:00|W8|1.9|-1.23|0.05|-1.23|1.23;0001-01-01T00:00:05.526+01:00|W9|1.5|-1.42|0.10|-1.42|0.12;0001-01-01T00:00:05.526+01:00|W10|1.5|-1.12|0.19|-1.12|0.93;0001-01-01T00:00:05.526+01:00|W11|0.9|-0.12|0.09|-0.12|0.89;0001-01-01T00:00:05.526+01:00|W12|0.8|-0.70|0.10|-0.70|0.38"
34.00;4.46;0001-01-01T00:00:05.6500000+01:00;33.99;-0.24;-9.16;38.2;0.029;4.520;32.049;-29.536;20.466;-17.869;98.173;-40.214;106.091;"0001-01-01T00:00:05.742+01:00|W1|1.3|-0.19|0.11|-0.19|1.29;0001-01-01T00:00:05.742+01:00|W2|0.5|0.39|0.06|0.39|0.22;0001-01-01T00:00:05.742+01:00|W3|1.1|0.44|0.04|0.44|0.84;0001-01-01T00:00:05.742+01:00|W4|1.8|-1.20|0.20|-1.20|1.37;0001-01-01T00:00:05.742+01:00|W5|1.1|-0.61|0.07|-0.61|0.79;0001-01-01T00:00:05.742+01:00|W6|1.0|-0.64|0.04|-0.64|0.74;0001-01-01T00:00:05.742+01:00|W7|1.5|-0.53|0.01|-0.53|1.43;0001-01-01T00:00:05.742+01:00|W8|1.9|-1.23|0.05|-1.23|1.23;0001-01-01T00:00:05.742+01:00|W9|1.5|-1.42|0.10|-1.42|0.12;0001-01-01T00:00:05.742+01:00|W10|1.5|-1.12|0.19|-1.12|0.93;0001-01-01T00:00:05.742+01:00|W11|0.9|-0.12|0.09|-0.12|0.89;0001-01-01T00:00:05.742+01:00|W12|0.8|-0.68|0.09|-0.68|0.39"
35.00;4.49;0001-01-01T00:00:05.6850000+01:00;34.92;-0.24;-9.54;37.6;0.133;4.412;31.955;-29.757;20.547;-17.244;98.042;-40.801;106.193;"0001-01-01T00:00:05.742+01:00|W1|1.3|-0.19|0.11|-0.19|1.29;0001-01-01T00:00:05.742+01:00|W2|0.5|0.39|0.06|0.39|0.22;0001-01-01T00:00:05.742+01:00|W3|1.1|0.44|0.04|0.44|0.84;0001-01-01T00:00:05.742+01:00|W4|1.8|-1.20|0.20|-1.20|1.37;0001-01-01T00:00:05.742+01:00|W5|1.1|-0.61|0.07|-0.61|0.79;0001-01-01T00:00:05.742+01:00|W6|1.0|-0.64|0.04|-0.64|0.74;0001-01-01T00:00:05.742+01:00|W7|1.5|-0.53|0.01|-0.53|1.43;0001-01-01T00:00:05.742+01:00|W8|1.9|-1.23|0.05|-1.23|1.23;0001-01-01T00:00:05.742+01:00|W9|1.5|-1.42|0.10|-1.42|0.12;0001-01-01T00:00:05.742+01:00|W10|1.5|-1.12|0.19|-1.12|0.93;0001-01-01T00:00:05.742+01:00|W11|0.9|-0.12|0.09|-0.12|0.89;0001-01-01T00:00:05.742+01:00|W12|0.8|-0.68|0.09|-0.68|0.39"
36.00;4.52;0001-01-01T00:00:05.7190000+01:00;35.86;-0.23;-9.92;37.0;0.235;4.284;31.861;-29.651;20.627;-16.719;97.925;-41.269;106.267;"0001-01-01T00:00:05.742+01:00|W1|1.3|-0.19|0.11|-0.19|1.29;0001-01-01T00:00:05.742+01:00|W2|0.5|0.39|0.06|0.39|0.22;0001-01-01T00:00:05.742+01:00|W3|1.1|0.44|0.04|0.44|0.84;0001-01-01T00:00:05.742+01:00|W4|1.8|-1.20|0.20|-1.20|1.37;0001-01-01T00:00:05.742+01:00|W5|1.1|-0.61|0.07|-0.61|0.79;0001-01-01T00:00:05.742+01:00|W6|1.0|-0.64|0.04|-0.64|0.74;0001-01-01T00:00:05.742+01:00|W7|1.5|-0.53|0.01|-0.53|1.43;0001-01-01T00:00:05.742+01:00|W8|1.9|-1.23|0.05|-1.23|1.23;0001-01-01T00:00:05.742+01:00|W9|1.5|-1.42|0.10|-1.42|0.12;0001-01-01T00:00:05.742+01:00|W10|1.5|-1.12|0.19|-1.12|0.93;0001-01-01T00:00:05.742+01:00|W11|0.9|-0.12|0.09|-0.12|0.89;0001-01-01T00:00:05.742+01:00|W12|0.8|-0.68|0.09|-0.68|0.39"
37.00;4.55;0001-01-01T00:00:05.7530000+01:00;36.79;-0.23;-10.31;36.6;0.338;4.137;31.767;-29.453;20.707;-16.311;97.818;-41.667;106.323;"0001-01-01T00:00:05.742+01:00|W1|1.3|-0.19|0.11|-0.19|1.29;0001-01-01T00:00:05.742+01:00|W2|0.5|0.39|0.06|0.39|0.22;0001-01-01T00:00:05.742+01:00|W3|1.1|0.44|0.04|0.44|0.84;0001-01-01T00:00:05.742+01:00|W4|1.8|-1.20|0.20|-1.20|1.37;0001-01-01T00:00:05.742+01:00|W5|1.1|-0.61|0.07|-0.61|0.79;0001-01-01T00:00:05.742+01:00|W6|1.0|-0.64|0.04|-0.64|0.74;0001-01-01T00:00:05.742+01:00|W7|1.5|-0.53|0.01|-0.53|1.43;0001-01-01T00:00:05.742+01:00|W8|1.9|-1.23|0.05|-1.23|1.23;0001-01-01T00:00:05.742+01:00|W9|1.5|-1.42|0.10|-1.42|0.12;0001-01-01T00:00:05.742+01:00|W10|1.5|-1.12|0.19|-1.12|0.93;0001-01-01T00:00:05.742+01:00|W11|0.9|-0.12|0.09|-0.12|0.89;0001-01-01T00:00:05.742+01:00|W12|0.8|-0.68|0.09|-0.68|0.39"
38.00;4.56;0001-01-01T00:00:05.7870000+01:00;37.71;-0.23;-10.70;36.6;0.440;3.957;31.673;-30.361;20.787;-16.254;97.700;-42.174;106.414;"0001-01-01T00:00:05.742+01:00|W1|1.3|-0.19|0.11|-0.19|1.29;0001-01-01T00:00:05.742+01:00|W2|0.5|0.39|0.06|0.39|0.22;0001-01-01T00:00:05.742+01:00|W3|1.1|0.44|0.04|0.44|0.84;0001-01-01T00:00:05.742+01:00|W4|1.8|-1.20|0.20|-1.20|1.37;0001-01-01T00:00:05.742+01:00|W5|1.1|-0.61|0.07|-0.61|0.79;0001-01-01T00:00:05.742+01:00|W6|1.0|-0.64|0.04|-0.64|0.74;0001-01-01T00:00:05.742+01:00|W7|1.5|-0.53|0.01|-0.53|1.43;0001-01-01T00:00:05.742+01:00|W8|1.9|-1.23|0.05|-1.23|1.23;0001-01-01T00:00:05.742+01:00|W9|1.5|-1.42|0.10|-1.42|0.12;0001-01-01T00:00:05.742+01:00|W10|1.5|-1.12|0.19|-1.12|0.93;0001-01-01T00:00:05.742+01:00|W11|0.9|-0.12|0.09|-0.12|0.89;0001-01-01T00:00:05.742+01:00|W12|0.8|-0.68|0.09|-0.68|0.39"
39.00;4.58;0001-01-01T00:00:05.8210000+01:00;38.63;-0.24;-11.10;36.5;0.542;3.777;31.580;-31.267;20.867;-16.197;97.582;-42.680;106.508;"0001-01-01T00:00:05.742+01:00|W1|1.3|-0.19|0.11|-0.19|1.29;0001-01-01T00:00:05.742+01:00|W2|0.5|0.39|0.06|0.39|0.22;0001-01-01T00:00:05.742+01:00|W3|1.1|0.44|0.04|0.44|0.84;0001-01-01T00:00:05.742+01:00|W4|1.8|-1.20|0.20|-1.20|1.37;0001-01-01T00:00:05.742+01:00|W5|1.1|-0.61|0.07|-0.61|0.79;0001-01-01T00:00:05.742+01:00|W6|1.0|-0.64|0.04|-0.64|0.74;0001-01-01T00:00:05.742+01:00|W7|1.5|-0.53|0.01|-0.53|1.43;0001-01-01T00:00:05.742+01:00|W8|1.9|-1.23|0.05|-1.23|1.23;0001-01-01T00:00:05.742+01:00|W9|1.5|-1.42|0.10|-1.42|0.12;0001-01-01T00:00:05.742+01:00|W10|1.5|-1.12|0.19|-1.12|0.93;0001-01-01T00:00:05.742+01:00|W11|0.9|-0.12|0.09|-0.12|0.89;0001-01-01T00:00:05.742+01:00|W12|0.8|-0.68|0.09|-0.68|0.39"
40.00;4.59;0001-01-01T00:00:05.8550000+01:00;39.55;-0.24;-11.49;36.5;0.644;3.645;31.486;-32.242;20.947;-16.187;97.475;-43.172;106.608;"0001-01-01T00:00:05.742+01:00|W1|1.3|-0.19|0.11|-0.19|1.29;0001-01-01T00:00:05.742+01:00|W2|0.5|0.39|0.06|0.39|0.22;0001-01-01T00:00:05.742+01:00|W3|1.1|0.44|0.04|0.44|0.84;0001-01-01T00:00:05.742+01:00|W4|1.8|-1.20|0.20|-1.20|1.37;0001-01-01T00:00:05.742+01:00|W5|1.1|-0.61|0.07|-0.61|0.79;0001-01-01T00:00:05.742+01:00|W6|1.0|-0.64|0.04|-0.64|0.74;0001-01-01T00:00:05.742+01:00|W7|1.5|-0.53|0.01|-0.53|1.43;0001-01-01T00:00:05.742+01:00|W8|1.9|-1.23|0.05|-1.23|1.23;0001-01-01T00:00:05.742+01:00|W9|1.5|-1.42|0.10|-1.42|0.12;0001-01-01T00:00:05.742+01:00|W10|1.5|-1.12|0.19|-1.12|0.93;0001-01-01T00:00:05.742+01:00|W11|0.9|-0.12|0.09|-0.12|0.89;0001-01-01T00:00:05.742+01:00|W12|0.8|-0.68|0.09|-0.68|0.39"
41.00;4.59;0001-01-01T00:00:05.8890000+01:00;40.47;-0.24;-11.89;36.7;0.747;3.748;31.393;-33.553;21.027;-16.409;97.418;-43.604;106.732;"0001-01-01T00:00:05.994+01:00|W1|1.4|-0.21|0.16|-0.21|1.35;0001-01-01T00:00:05.994+01:00|W2|0.5|0.39|0.05|0.39|0.21;0001-01-01T00:00:05.994+01:00|W3|1.1|0.42|0.05|0.42|0.85;0001-01-01T00:00:05.994+01:00|W4|2.0|-1.25|0.28|-1.25|1.44;0001-01-01T00:00:05.994+01:00|W5|1.0|-0.63|0.03|-0.63|0.74;0001-01-01T00:00:05.994+01:00|W6|1.0|-0.61|0.05|-0.61|0.78;0001-01-01T00:00:05.994+01:00|W7|1.6|-0.44|0.06|-0.44|1.51;0001-01-01T00:00:05.994+01:00|W8|2.0|-1.12|0.09|-1.12|1.50;0001-01-01T00:00:05.994+01:00|W9|1.4|-1.35|0.15|-1.35|0.28;0001-01-01T00:00:05.994+01:00|W10|1.3|-1.01|0.24|-1.01|0.89;0001-01-01T00:00:05.994+01:00|W11|0.9|-0.13|0.07|-0.13|0.89;0001-01-01T00:00:05.994+01:00|W12|0.8|-0.68|0.05|-0.68|0.43"
42.00;4.59;0001-01-01T00:00:05.9220000+01:00;41.38;-0.25;-12.30;37.0;0.848;3.986;31.300;-34.531;21.107;-16.641;97.328;-44.117;106.861;"0001-01-01T00:00:05.994+01:00|W1|1.4|-0.21|0.16|-0.21|1.35;0001-01-01T00:00:05.994+01:00|W2|0.5|0.39|0.05|0.39|0.21;0001-01-01T00:00:05.994+01:00|W3|1.1|0.42|0.05|0.42|0.85;0001-01-01T00:00:05.994+01:00|W4|2.0|-1.25|0.28|-1.25|1.44;0001-01-01T00:00:05.994+01:00|W5|1.0|-0.63|0.03|-0.63|0.74;0001-01-01T00:00:05.994+01:00|W6|1.0|-0.61|0.05|-0.61|0.78;0001-01-01T00:00:05.994+01:00|W7|1.6|-0.44|0.06|-0.44|1.51;0001-01-01T00:00:05.994+01:00|W8|2.0|-1.12|0.09|-1.12|1.50;0001-01-01T00:00:05.994+01:00|W9|1.4|-1.35|0.15|-1.35|0.28;0001-01-01T00:00:05.994+01:00|W10|1.3|-1.01|0.24|-1.01|0.89;0001-01-01T00:00:05.994+01:00|W11|0.9|-0.13|0.07|-0.13|0.89;0001-01-01T00:00:05.994+01:00|W12|0.8|-0.68|0.05|-0.68|0.43"
43.00;4.58;0001-01-01T00:00:05.9560000+01:00;42.29;-0.25;-12.71;37.2;0.949;4.328;31.208;-35.645;21.186;-16.843;97.260;-44.655;107.021;"0001-01-01T00:00:05.994+01:00|W1|1.4|-0.21|0.16|-0.21|1.35;0001-01-01T00:00:05.994+01:00|W2|0.5|0.39|0.05|0.39|0.21;0001-01-01T00:00:05.994+01:00|W3|1.1|0.42|0.05|0.42|0.85;0001-01-01T00:00:05.994+01:00|W4|2.0|-1.25|0.28|-1.25|1.44;0001-01-01T00:00:05.994+01:00|W5|1.0|-0.63|0.03|-0.63|0.74;0001-01-01T00:00:05.994+01:00|W6|1.0|-0.61|0.05|-0.61|0.78;0001-01-01T00:00:05.994+01:00|W7|1.6|-0.44|0.06|-0.44|1.51;0001-01-01T00:00:05.994+01:00|W8|2.0|-1.12|0.09|-1.12|1.50;0001-01-01T00:00:05.994+01:00|W9|1.4|-1.35|0.15|-1.35|0.28;0001-01-01T00:00:05.994+01:00|W10|1.3|-1.01|0.24|-1.01|0.89;0001-01-01T00:00:05.994+01:00|W11|0.9|-0.13|0.07|-0.13|0.89;0001-01-01T00:00:05.994+01:00|W12|0.8|-0.68|0.05|-0.68|0.43"
44.00;4.57;0001-01-01T00:00:05.9900000+01:00;43.20;-0.25;-13.11;37.2;1.050;4.850;31.115;-37.812;21.265;-16.915;97.325;-45.157;107.291;"0001-01-01T00:00:05.994+01:00|W1|1.4|-0.21|0.16|-0.21|1.35;0001-01-01T00:00:05.994+01:00|W2|0.5|0.39|0.05|0.39|0.21;0001-01-01T00:00:05.994+01:00|W3|1.1|0.42|0.05|0.42|0.85;0001-01-01T00:00:05.994+01:00|W4|2.0|-1.25|0.28|-1.25|1.44;0001-01-01T00:00:05.994+01:00|W5|1.0|-0.63|0.03|-0.63|0.74;0001-01-01T00:00:05.994+01:00|W6|1.0|-0.61|0.05|-0.61|0.78;0001-01-01T00:00:05.994+01:00|W7|1.6|-0.44|0.06|-0.44|1.51;0001-01-01T00:00:05.994+01:00|W8|2.0|-1.12|0.09|-1.12|1.50;0001-01-01T00:00:05.994+01:00|W9|1.4|-1.35|0.15|-1.35|0.28;0001-01-01T00:00:05.994+01:00|W10|1.3|-1.01|0.24|-1.01|0.89;0001-01-01T00:00:05.994+01:00|W11|0.9|-0.13|0.07|-0.13|0.89;0001-01-01T00:00:05.994+01:00|W12|0.8|-0.68|0.05|-0.68|0.43"
45.00;4.55;0001-01-01T00:00:06.0230000+01:00;44.10;-0.25;-13.53;37.3;1.150;5.371;31.023;-39.212;21.343;-17.003;97.320;-45.860;107.584;"0001-01-01T00:00:05.994+01:00|W1|1.4|-0.21|0.16|-0.21|1.35;0001-01-01T00:00:05.994+01:00|W2|0.5|0.39|0.05|0.39|0.21;0001-01-01T00:00:05.994+01:00|W3|1.1|0.42|0.05|0.42|0.85;0001-01-01T00:00:05.994+01:00|W4|2.0|-1.25|0.28|-1.25|1.44;0001-01-01T00:00:05.994+01:00|W5|1.0|-0.63|0.03|-0.63|0.74;0001-01-01T00:00:05.994+01:00|W6|1.0|-0.61|0.05|-0.61|0.78;0001-01-01T00:00:05.994+01:00|W7|1.6|-0.44|0.06|-0.44|1.51;0001-01-01T00:00:05.994+01:00|W8|2.0|-1.12|0.09|-1.12|1.50;0001-01-01T00:00:05.994+01:00|W9|1.4|-1.35|0.15|-1.35|0.28;0001-01-01T00:00:05.994+01:00|W10|1.3|-1.01|0.24|-1.01|0.89;0001-01-01T00:00:05.994+01:00|W11|0.9|-0.13|0.07|-0.13|0.89;0001-01-01T00:00:05.994+01:00|W12|0.8|-0.68|0.05|-0.68|0.43"
46.00;4.52;0001-01-01T00:00:06.0560000+01:00;45.00;-0.25;-13.95;37.4;1.250;5.908;30.932;-40.268;21.422;-17.075;97.304;-46.584;107.880;"0001-01-01T00:00:05.994+01:00|W1|1.4|-0.21|0.16|-0.21|1.35;0001-01-01T00:00:05.994+01:00|W2|0.5|0.39|0.05|0.39|0.21;0001-01-01T00:00:05.994+01:00|W3|1.1|0.42|0.05|0.42|0.85;0001-01-01T00:00:05.994+01:00|W4|2.0|-1.25|0.28|-1.25|1.44;0001-01-01T00:00:05.994+01:00|W5|1.0|-0.63|0.03|-0.63|0.74;0001-01-01T00:00:05.994+01:00|W6|1.0|-0.61|0.05|-0.61|0.78;0001-01-01T00:00:05.994+01:00|W7|1.6|-0.44|0.06|-0.44|1.51;0001-01-01T00:00:05.994+01:00|W8|2.0|-1.12|0.09|-1.12|1.50;0001-01-01T00:00:05.994+01:00|W9|1.4|-1.35|0.15|-1.35|0.28;0001-01-01T00:00:05.994+01:00|W10|1.3|-1.01|0.24|-1.01|0.89;0001-01-01T00:00:05.994+01:00|W11|0.9|-0.13|0.07|-0.13|0.89;0001-01-01T00:00:05.994+01:00|W12|0.8|-0.68|0.05|-0.68|0.43"
47.00;4.49;0001-01-01T00:00:06.0900000+01:00;45.91;-0.25;-14.38;37.4;1.351;6.506;30.840;-41.137;21.500;-17.066;97.345;-47.106;108.144;"0001-01-01T00:00:05.994+01:00|W1|1.4|-0.21|0.16|-0.21|1.35;0001-01-01T00:00:05.994+01:00|W2|0.5|0.39|0.05|0.39|0.21;0001-01-01T00:00:05.994+01:00|W3|1.1|0.42|0.05|0.42|0.85;0001-01-01T00:00:05.994+01:00|W4|2.0|-1.25|0.28|-1.25|1.44;0001-01-01T00:00:05.994+01:00|W5|1.0|-0.63|0.03|-0.63|0.74;0001-01-01T00:00:05.994+01:00|W6|1.0|-0.61|0.05|-0.61|0.78;0001-01-01T00:00:05.994+01:00|W7|1.6|-0.44|0.06|-0.44|1.51;0001-01-01T00:00:05.994+01:00|W8|2.0|-1.12|0.09|-1.12|1.50;0001-01-01T00:00:05.994+01:00|W9|1.4|-1.35|0.15|-1.35|0.28;0001-01-01T00:00:05.994+01:00|W10|1.3|-1.01|0.24|-1.01|0.89;0001-01-01T00:00:05.994+01:00|W11|0.9|-0.13|0.07|-0.13|0.89;0001-01-01T00:00:05.994+01:00|W12|0.8|-0.68|0.05|-0.68|0.43"
48.00;4.46;0001-01-01T00:00:06.1230000+01:00;46.82;-0.25;-14.82;37.2;1.452;7.203;30.747;-41.884;21.580;-16.946;97.315;-47.649;108.356;"0001-01-01T00:00:06.249+01:00|W1|1.4|-0.20|0.17|-0.20|1.37;0001-01-01T00:00:06.249+01:00|W2|0.5|0.40|0.03|0.40|0.23;0001-01-01T00:00:06.249+01:00|W3|1.1|0.42|0.05|0.42|0.85;0001-01-01T00:00:06.249+01:00|W4|2.0|-1.23|0.27|-1.23|1.44;0001-01-01T00:00:06.249+01:00|W5|1.0|-0.63|0.03|-0.63|0.74;0001-01-01T00:00:06.249+01:00|W6|1.0|-0.61|0.07|-0.61|0.80;0001-01-01T00:00:06.249+01:00|W7|1.6|-0.32|0.11|-0.32|1.59;0001-01-01T00:00:06.249+01:00|W8|2.0|-1.12|0.09|-1.12|1.50;0001-01-01T00:00:06.249+01:00|W9|1.4|-1.35|0.15|-1.35|0.28;0001-01-01T00:00:06.249+01:00|W10|1.3|-1.01|0.24|-1.01|0.89;0001-01-01T00:00:06.249+01:00|W11|0.9|-0.13|0.07|-0.13|0.89;0001-01-01T00:00:06.249+01:00|W12|0.8|-0.72|0.02|-0.72|0.40"
49.00;4.42;0001-01-01T00:00:06.1570000+01:00;47.73;-0.24;-15.26;37.1;1.554;7.925;30.654;-42.515;21.659;-16.796;97.247;-48.171;108.526;"0001-01-01T00:00:06.249+01:00|W1|1.4|-0.20|0.17|-0.20|1.37;0001-01-01T00:00:06.249+01:00|W2|0.5|0.40|0.03|0.40|0.23;0001-01-01T00:00:06.249+01:00|W3|1.1|0.42|0.05|0.42|0.85;0001-01-01T00:00:06.249+01:00|W4|2.0|-1.23|0.27|-1.23|1.44;0001-01-01T00:00:06.249+01:00|W5|1.0|-0.63|0.03|-0.63|0.74;0001-01-01T00:00:06.249+01:00|W6|1.0|-0.61|0.07|-0.61|0.80;0001-01-01T00:00:06.249+01:00|W7|1.6|-0.32|0.11|-0.32|1.59;0001-01-01T00:00:06.249+01:00|W8|2.0|-1.12|0.09|-1.12|1.50;0001-01-01T00:00:06.249+01:00|W9|1.4|-1.35|0.15|-1.35|0.28;0001-01-01T00:00:06.249+01:00|W10|1.3|-1.01|0.24|-1.01|0.89;0001-01-01T00:00:06.249+01:00|W11|0.9|-0.13|0.07|-0.13|0.89;0001-01-01T00:00:06.249+01:00|W12|0.8|-0.72|0.02|-0.72|0.40"
50.00;4.39;0001-01-01T00:00:06.1910000+01:00;48.64;-0.24;-15.70;36.9;1.655;8.605;30.561;-42.927;21.739;-16.683;97.142;-48.601;108.624;"0001-01-01T00:00:06.249+01:00|W1|1.4|-0.20|0.17|-0.20|1.37;0001-01-01T00:00:06.249+01:00|W2|0.5|0.40|0.03|0.40|0.23;0001-01-01T00:00:06.249+01:00|W3|1.1|0.42|0.05|0.42|0.85;0001-01-01T00:00:06.249+01:00|W4|2.0|-1.23|0.27|-1.23|1.44;0001-01-01T00:00:06.249+01:00|W5|1.0|-0.63|0.03|-0.63|0.74;0001-01-01T00:00:06.249+01:00|W6|1.0|-0.61|0.07|-0.61|0.80;0001-01-01T00:00:06.249+01:00|W7|1.6|-0.32|0.11|-0.32|1.59;0001-01-01T00:00:06.249+01:00|W8|2.0|-1.12|0.09|-1.12|1.50;0001-01-01T00:00:06.249+01:00|W9|1.4|-1.35|0.15|-1.35|0.28;0001-01-01T00:00:06.249+01:00|W10|1.3|-1.01|0.24|-1.01|0.89;0001-01-01T00:00:06.249+01:00|W11|0.9|-0.13|0.07|-0.13|0.89;0001-01-01T00:00:06.249+01:00|W12|0.8|-0.72|0.02|-0.72|0.40"
51.00;4.36;0001-01-01T00:00:06.2250000+01:00;49.55;-0.24;-16.15;36.8;1.757;9.199;30.468;-43.449;21.818;-16.576;96.964;-48.955;108.624;"0001-01-01T00:00:06.249+01:00|W1|1.4|-0.20|0.17|-0.20|1.37;0001-01-01T00:00:06.249+01:00|W2|0.5|0.40|0.03|0.40|0.23;0001-01-01T00:00:06.249+01:00|W3|1.1|0.42|0.05|0.42|0.85;0001-01-01T00:00:06.249+01:00|W4|2.0|-1.23|0.27|-1.23|1.44;0001-01-01T00:00:06.249+01:00|W5|1.0|-0.63|0.03|-0.63|0.74;0001-01-01T00:00:06.249+01:00|W6|1.0|-0.61|0.07|-0.61|0.80;0001-01-01T00:00:06.249+01:00|W7|1.6|-0.32|0.11|-0.32|1.59;0001-01-01T00:00:06.249+01:00|W8|2.0|-1.12|0.09|-1.12|1.50;0001-01-01T00:00:06.249+01:00|W9|1.4|-1.35|0.15|-1.35|0.28;0001-01-01T00:00:06.249+01:00|W10|1.3|-1.01|0.24|-1.01|0.89;0001-01-01T00:00:06.249+01:00|W11|0.9|-0.13|0.07|-0.13|0.89;0001-01-01T00:00:06.249+01:00|W12|0.8|-0.72|0.02|-0.72|0.40"
52.00;4.33;0001-01-01T00:00:06.2580000+01:00;50.46;-0.23;-16.60;36.7;1.858;9.685;30.376;-44.022;21.897;-16.521;96.792;-49.317;108.635;"0001-01-01T00:00:06.249+01:00|W1|1.4|-0.20|0.17|-0.20|1.37;0001-01-01T00:00:06.249+01:00|W2|0.5|0.40|0.03|0.40|0.23;0001-01-01T00:00:06.249+01:00|W3|1.1|0.42|0.05|0.42|0.85;0001-01-01T00:00:06.249+01:00|W4|2.0|-1.23|0.27|-1.23|1.44;0001-01-01T00:00:06.249+01:00|W5|1.0|-0.63|0.03|-0.63|0.74;0001-01-01T00:00:06.249+01:00|W6|1.0|-0.61|0.07|-0.61|0.80;0001-01-01T00:00:06.249+01:00|W7|1.6|-0.32|0.11|-0.32|1.59;0001-01-01T00:00:06.249+01:00|W8|2.0|-1.12|0.09|-1.12|1.50;0001-01-01T00:00:06.249+01:00|W9|1.4|-1.35|0.15|-1.35|0.28;0001-01-01T00:00:06.249+01:00|W10|1.3|-1.01|0.24|-1.01|0.89;0001-01-01T00:00:06.249+01:00|W11|0.9|-0.13|0.07|-0.13|0.89;0001-01-01T00:00:06.249+01:00|W12|0.8|-0.72|0.02|-0.72|0.40"
53.00;4.29;0001-01-01T00:00:06.2920000+01:00;51.36;-0.23;-17.06;36.8;1.959;9.962;30.283;-44.643;21.976;-16.601;96.700;-49.757;108.753;"0001-01-01T00:00:06.249+01:00|W1|1.4|-0.20|0.17|-0.20|1.37;0001-01-01T00:00:06.249+01:00|W2|0.5|0.40|0.03|0.40|0.23;0001-01-01T00:00:06.249+01:00|W3|1.1|0.42|0.05|0.42|0.85;0001-01-01T00:00:06.249+01:00|W4|2.0|-1.23|0.27|-1.23|1.44;0001-01-01T00:00:06.249+01:00|W5|1.0|-0.63|0.03|-0.63|0.74;0001-01-01T00:00:06.249+01:00|W6|1.0|-0.61|0.07|-0.61|0.80;0001-01-01T00:00:06.249+01:00|W7|1.6|-0.32|0.11|-0.32|1.59;0001-01-01T00:00:06.249+01:00|W8|2.0|-1.12|0.09|-1.12|1.50;0001-01-01T00:00:06.249+01:00|W9|1.4|-1.35|0.15|-1.35|0.28;0001-01-01T00:00:06.249+01:00|W10|1.3|-1.01|0.24|-1.01|0.89;0001-01-01T00:00:06.249+01:00|W11|0.9|-0.13|0.07|-0.13|0.89;0001-01-01T00:00:06.249+01:00|W12|0.8|-0.72|0.02|-0.72|0.40"
54.00;4.25;0001-01-01T00:00:06.3250000+01:00;52.27;-0.22;-17.52;36.9;2.060;10.239;30.191;-45.264;22.055;-16.681;96.608;-50.196;108.873;"0001-01-01T00:00:06.249+01:00|W1|1.4|-0.20|0.17|-0.20|1.37;0001-01-01T00:00:06.249+01:00|W2|0.5|0.40|0.03|0.40|0.23;0001-01-01T00:00:06.249+01:00|W3|1.1|0.42|0.05|0.42|0.85;0001-01-01T00:00:06.249+01:00|W4|2.0|-1.23|0.27|-1.23|1.44;0001-01-01T00:00:06.249+01:00|W5|1.0|-0.63|0.03|-0.63|0.74;0001-01-01T00:00:06.249+01:00|W6|1.0|-0.61|0.07|-0.61|0.80;0001-01-01T00:00:06.249+01:00|W7|1.6|-0.32|0.11|-0.32|1.59;0001-01-01T00:00:06.249+01:00|W8|2.0|-1.12|0.09|-1.12|1.50;0001-01-01T00:00:06.249+01:00|W9|1.4|-1.35|0.15|-1.35|0.28;0001-01-01T00:00:06.249+01:00|W10|1.3|-1.01|0.24|-1.01|0.89;0001-01-01T00:00:06.249+01:00|W11|0.9|-0.13|0.07|-0.13|0.89;0001-01-01T00:00:06.249+01:00|W12|0.8|-0.72|0.02|-0.72|0.40"
55.00;4.22;0001-01-01T00:00:06.3590000+01:00;53.17;-0.21;-17.98;37.0;2.161;10.384;30.098;-45.922;22.134;-16.850;96.541;-50.639;109.019;"0001-01-01T00:00:06.249+01:00|W1|1.4|-0.20|0.17|-0.20|1.37;0001-01-01T00:00:06.249+01:00|W2|0.5|0.40|0.03|0.40|0.23;0001-01-01T00:00:06.249+01:00|W3|1.1|0.42|0.05|0.42|0.85;0001-01-01T00:00:06.249+01:00|W4|2.0|-1.23|0.27|-1.23|1.44;0001-01-01T00:00:06.249+01:00|W5|1.0|-0.63|0.03|-0.63|0.74;0001-01-01T00:00:06.249+01:00|W6|1.0|-0.61|0.07|-0.61|0.80;0001-01-01T00:00:06.249+01:00|W7|1.6|-0.32|0.11|-0.32|1.59;0001-01-01T00:00:06.249+01:00|W8|2.0|-1.12|0.09|-1.12|1.50;0001-01-01T00:00:06.249+01:00|W9|1.4|-1.35|0.15|-1.35|0.28;0001-01-01T00:00:06.249+01:00|W10|1.3|-1.01|0.24|-1.01|0.89;0001-01-01T00:00:06.249+01:00|W11|0.9|-0.13|0.07|-0.13|0.89;0001-01-01T00:00:06.249+01:00|W12|0.8|-0.72|0.02|-0.72|0.40"
56.00;4.18;0001-01-01T00:00:06.3930000+01:00;54.07;-0.21;-18.45;37.4;2.262;10.225;30.006;-46.664;22.213;-17.230;96.533;-51.091;109.224;"0001-01-01T00:00:06.496+01:00|W1|1.4|-0.22|0.09|-0.22|1.30;0001-01-01T00:00:06.496+01:00|W2|0.5|0.42|0.03|0.42|0.24;0001-01-01T00:00:06.496+01:00|W3|1.0|0.33|0.00|0.33|0.81;0001-01-01T00:00:06.496+01:00|W4|2.1|-1.31|0.34|-1.31|1.49;0001-01-01T00:00:06.496+01:00|W5|0.9|-0.61|0.03|-0.61|0.61;0001-01-01T00:00:06.496+01:00|W6|1.1|-0.64|0.12|-0.64|0.84;0001-01-01T00:00:06.496+01:00|W7|1.7|-0.25|0.15|-0.25|1.64;0001-01-01T00:00:06.496+01:00|W8|2.1|-1.10|0.17|-1.10|1.70;0001-01-01T00:00:06.496+01:00|W9|1.4|-1.35|0.14|-1.35|0.27;0001-01-01T00:00:06.496+01:00|W10|1.3|-1.01|0.23|-1.01|0.80;0001-01-01T00:00:06.496+01:00|W11|0.9|-0.15|0.01|-0.15|0.84;0001-01-01T00:00:06.496+01:00|W12|0.9|-0.75|0.01|-0.75|0.36"
57.00;4.14;0001-01-01T00:00:06.4260000+01:00;54.97;-0.20;-18.92;37.8;2.362;9.906;29.914;-46.555;22.292;-17.636;96.448;-51.657;109.416;"0001-01-01T00:00:06.496+01:00|W1|1.4|-0.22|0.09|-0.22|1.30;0001-01-01T00:00:06.496+01:00|W2|0.5|0.42|0.03|0.42|0.24;0001-01-01T00:00:06.496+01:00|W3|1.0|0.33|0.00|0.33|0.81;0001-01-01T00:00:06.496+01:00|W4|2.1|-1.31|0.34|-1.31|1.49;0001-01-01T00:00:06.496+01:00|W5|0.9|-0.61|0.03|-0.61|0.61;0001-01-01T00:00:06.496+01:00|W6|1.1|-0.64|0.12|-0.64|0.84;0001-01-01T00:00:06.496+01:00|W7|1.7|-0.25|0.15|-0.25|1.64;0001-01-01T00:00:06.496+01:00|W8|2.1|-1.10|0.17|-1.10|1.70;0001-01-01T00:00:06.496+01:00|W9|1.4|-1.35|0.14|-1.35|0.27;0001-01-01T00:00:06.496+01:00|W10|1.3|-1.01|0.23|-1.01|0.80;0001-01-01T00:00:06.496+01:00|W11|0.9|-0.15|0.01|-0.15|0.84;0001-01-01T00:00:06.496+01:00|W12|0.9|-0.75|0.01|-0.75|0.36"
58.00;4.10;0001-01-01T00:00:06.4590000+01:00;55.87;-0.19;-19.40;38.2;2.463;9.564;29.822;-46.386;22.371;-17.963;96.389;-52.190;109.618;"0001-01-01T00:00:06.496+01:00|W1|1.4|-0.22|0.09|-0.22|1.30;0001-01-01T00:00:06.496+01:00|W2|0.5|0.42|0.03|0.42|0.24;0001-01-01T00:00:06.496+01:00|W3|1.0|0.33|0.00|0.33|0.81;0001-01-01T00:00:06.496+01:00|W4|2.1|-1.31|0.34|-1.31|1.49;0001-01-01T00:00:06.496+01:00|W5|0.9|-0.61|0.03|-0.61|0.61;0001-01-01T00:00:06.496+01:00|W6|1.1|-0.64|0.12|-0.64|0.84;0001-01-01T00:00:06.496+01:00|W7|1.7|-0.25|0.15|-0.25|1.64;0001-01-01T00:00:06.496+01:00|W8|2.1|-1.10|0.17|-1.10|1.70;0001-01-01T00:00:06.496+01:00|W9|1.4|-1.35|0.14|-1.35|0.27;0001-01-01T00:00:06.496+01:00|W10|1.3|-1.01|0.23|-1.01|0.80;0001-01-01T00:00:06.496+01:00|W11|0.9|-0.15|0.01|-0.15|0.84;0001-01-01T00:00:06.496+01:00|W12|0.9|-0.75|0.01|-0.75|0.36"
59.00;4.06;0001-01-01T00:00:06.4930000+01:00;56.76;-0.18;-19.87;38.3;2.563;9.258;29.730;-46.516;22.449;-18.107;96.430;-52.590;109.845;"0001-01-01T00:00:06.496+01:00|W1|1.4|-0.22|0.09|-0.22|1.30;0001-01-01T00:00:06.496+01:00|W2|0.5|0.42|0.03|0.42|0.24;0001-01-01T00:00:06.496+01:00|W3|1.0|0.33|0.00|0.33|0.81;0001-01-01T00:00:06.496+01:00|W4|2.1|-1.31|0.34|-1.31|1.49;0001-01-01T00:00:06.496+01:00|W5|0.9|-0.61|0.03|-0.61|0.61;0001-01-01T00:00:06.496+01:00|W6|1.1|-0.64|0.12|-0.64|0.84;0001-01-01T00:00:06.496+01:00|W7|1.7|-0.25|0.15|-0.25|1.64;0001-01-01T00:00:06.496+01:00|W8|2.1|-1.10|0.17|-1.10|1.70;0001-01-01T00:00:06.496+01:00|W9|1.4|-1.35|0.14|-1.35|0.27;0001-01-01T00:00:06.496+01:00|W10|1.3|-1.01|0.23|-1.01|0.80;0001-01-01T00:00:06.496+01:00|W11|0.9|-0.15|0.01|-0.15|0.84;0001-01-01T00:00:06.496+01:00|W12|0.9|-0.75|0.01|-0.75|0.36"
60.00;4.03;0001-01-01T00:00:06.5260000+01:00;57.65;-0.17;-20.35;38.2;2.663;9.110;29.639;-46.927;22.528;-18.008;96.411;-53.088;110.069;"0001-01-01T00:00:06.496+01:00|W1|1.4|-0.22|0.09|-0.22|1.30;0001-01-01T00:00:06.496+01:00|W2|0.5|0.42|0.03|0.42|0.24;0001-01-01T00:00:06.496+01:00|W3|1.0|0.33|0.00|0.33|0.81;0001-01-01T00:00:06.496+01:00|W4|2.1|-1.31|0.34|-1.31|1.49;0001-01-01T00:00:06.496+01:00|W5|0.9|-0.61|0.03|-0.61|0.61;0001-01-01T00:00:06.496+01:00|W6|1.1|-0.64|0.12|-0.64|0.84;0001-01-01T00:00:06.496+01:00|W7|1.7|-0.25|0.15|-0.25|1.64;0001-01-01T00:00:06.496+01:00|W8|2.1|-1.10|0.17|-1.10|1.70;0001-01-01T00:00:06.496+01:00|W9|1.4|-1.35|0.14|-1.35|0.27;0001-01-01T00:00:06.496+01:00|W10|1.3|-1.01|0.23|-1.01|0.80;0001-01-01T00:00:06.496+01:00|W11|0.9|-0.15|0.01|-0.15|0.84;0001-01-01T00:00:06.496+01:00|W12|0.9|-0.75|0.01|-0.75|0.36"
61.00;3.99;0001-01-01T00:00:06.5590000+01:00;58.55;-0.16;-20.84;38.0;2.763;9.016;29.547;-47.189;22.606;-17.810;96.357;-53.562;110.252;"0001-01-01T00:00:06.496+01:00|W1|1.4|-0.22|0.09|-0.22|1.30;0001-01-01T00:00:06.496+01:00|W2|0.5|0.42|0.03|0.42|0.24;0001-01-01T00:00:06.496+01:00|W3|1.0|0.33|0.00|0.33|0.81;0001-01-01T00:00:06.496+01:00|W4|2.1|-1.31|0.34|-1.31|1.49;0001-01-01T00:00:06.496+01:00|W5|0.9|-0.61|0.03|-0.61|0.61;0001-01-01T00:00:06.496+01:00|W6|1.1|-0.64|0.12|-0.64|0.84;0001-01-01T00:00:06.496+01:00|W7|1.7|-0.25|0.15|-0.25|1.64;0001-01-01T00:00:06.496+01:00|W8|2.1|-1.10|0.17|-1.10|1.70;0001-01-01T00:00:06.496+01:00|W9|1.4|-1.35|0.14|-1.35|0.27;0001-01-01T00:00:06.496+01:00|W10|1.3|-1.01|0.23|-1.01|0.80;0001-01-01T00:00:06.496+01:00|W11|0.9|-0.15|0.01|-0.15|0.84;0001-01-01T00:00:06.496+01:00|W12|0.9|-0.75|0.01|-0.75|0.36"
62.00;3.95;0001-01-01T00:00:06.5930000+01:00;59.44;-0.15;-21.33;37.7;2.863;8.960;29.456;-46.988;22.684;-17.515;96.254;-53.937;110.348;"0001-01-01T00:00:06.496+01:00|W1|1.4|-0.22|0.09|-0.22|1.30;0001-01-01T00:00:06.496+01:00|W2|0.5|0.42|0.03|0.42|0.24;0001-01-01T00:00:06.496+01:00|W3|1.0|0.33|0.00|0.33|0.81;0001-01-01T00:00:06.496+01:00|W4|2.1|-1.31|0.34|-1.31|1.49;0001-01-01T00:00:06.496+01:00|W5|0.9|-0.61|0.03|-0.61|0.61;0001-01-01T00:00:06.496+01:00|W6|1.1|-0.64|0.12|-0.64|0.84;0001-01-01T00:00:06.496+01:00|W7|1.7|-0.25|0.15|-0.25|1.64;0001-01-01T00:00:06.496+01:00|W8|2.1|-1.10|0.17|-1.10|1.70;0001-01-01T00:00:06.496+01:00|W9|1.4|-1.35|0.14|-1.35|0.27;0001-01-01T00:00:06.496+01:00|W10|1.3|-1.01|0.23|-1.01|0.80;0001-01-01T00:00:06.496+01:00|W11|0.9|-0.15|0.01|-0.15|0.84;0001-01-01T00:00:06.496+01:00|W12|0.9|-0.75|0.01|-0.75|0.36"
63.00;3.92;0001-01-01T00:00:06.6260000+01:00;60.32;-0.13;-21.82;37.5;2.963;8.905;29.364;-46.787;22.762;-17.220;96.151;-54.311;110.445;"0001-01-01T00:00:06.746+01:00|W1|1.4|-0.22|0.09|-0.22|1.30;0001-01-01T00:00:06.746+01:00|W2|0.5|0.42|0.03|0.42|0.24;0001-01-01T00:00:06.746+01:00|W3|1.0|0.33|0.00|0.33|0.82;0001-01-01T00:00:06.746+01:00|W4|2.1|-1.38|0.39|-1.38|1.53;0001-01-01T00:00:06.746+01:00|W5|0.9|-0.61|0.02|-0.61|0.59;0001-01-01T00:00:06.746+01:00|W6|1.1|-0.62|0.11|-0.62|0.85;0001-01-01T00:00:06.746+01:00|W7|1.7|-0.12|0.20|-0.12|1.71;0001-01-01T00:00:06.746+01:00|W8|2.1|-1.07|0.19|-1.07|1.78;0001-01-01T00:00:06.746+01:00|W9|1.4|-1.35|0.14|-1.35|0.27;0001-01-01T00:00:06.746+01:00|W10|1.3|-1.03|0.19|-1.03|0.79;0001-01-01T00:00:06.746+01:00|W11|0.8|-0.18|0.02|-0.18|0.81;0001-01-01T00:00:06.746+01:00|W12|0.9|-0.77|0.02|-0.77|0.29"
64.00;3.84;0001-01-01T00:00:06.6580000+01:00;61.19;-0.12;-22.34;37.7;3.060;8.775;29.275;-46.601;22.838;-16.961;96.124;-54.656;110.593;"0001-01-01T00:00:06.746+01:00|W1|1.4|-0.22|0.09|-0.22|1.30;0001-01-01T00:00:06.746+01:00|W2|0.5|0.42|0.03|0.42|0.24;0001-01-01T00:00:06.746+01:00|W3|1.0|0.33|0.00|0.33|0.82;0001-01-01T00:00:06.746+01:00|W4|2.1|-1.38|0.39|-1.38|1.53;0001-01-01T00:00:06.746+01:00|W5|0.9|-0.61|0.02|-0.61|0.59;0001-01-01T00:00:06.746+01:00|W6|1.1|-0.62|0.11|-0.62|0.85;0001-01-01T00:00:06.746+01:00|W7|1.7|-0.12|0.20|-0.12|1.71;0001-01-01T00:00:06.746+01:00|W8|2.1|-1.07|0.19|-1.07|1.78;0001-01-01T00:00:06.746+01:00|W9|1.4|-1.35|0.14|-1.35|0.27;0001-01-01T00:00:06.746+01:00|W10|1.3|-1.03|0.19|-1.03|0.79;0001-01-01T00:00:06.746+01:00|W11|0.8|-0.18|0.02|-0.18|0.81;0001-01-01T00:00:06.746+01:00|W12|0.9|-0.77|0.02|-0.77|0.29"
65.00;3.66;0001-01-01T00:00:06.6890000+01:00;62.02;-0.10;-22.95;39.0;3.152;8.472;29.191;-46.450;22.910;-16.786;96.272;-54.934;110.856;"0001-01-01T00:00:06.746+01:00|W1|1.4|-0.22|0.09|-0.22|1.30;0001-01-01T00:00:06.746+01:00|W2|0.5|0.42|0.03|0.42|0.24;0001-01-01T00:00:06.746+01:00|W3|1.0|0.33|0.00|0.33|0.82;0001-01-01T00:00:06.746+01:00|W4|2.1|-1.38|0.39|-1.38|1.53;0001-01-01T00:00:06.746+01:00|W5|0.9|-0.61|0.02|-0.61|0.59;0001-01-01T00:00:06.746+01:00|W6|1.1|-0.62|0.11|-0.62|0.85;0001-01-01T00:00:06.746+01:00|W7|1.7|-0.12|0.20|-0.12|1.71;0001-01-01T00:00:06.746+01:00|W8|2.1|-1.07|0.19|-1.07|1.78;0001-01-01T00:00:06.746+01:00|W9|1.4|-1.35|0.14|-1.35|0.27;0001-01-01T00:00:06.746+01:00|W10|1.3|-1.03|0.19|-1.03|0.79;0001-01-01T00:00:06.746+01:00|W11|0.8|-0.18|0.02|-0.18|0.81;0001-01-01T00:00:06.746+01:00|W12|0.9|-0.77|0.02|-0.77|0.29"
66.00;3.57;0001-01-01T00:00:06.7210000+01:00;62.88;-0.08;-23.50;39.5;3.271;7.989;29.247;-46.042;22.983;-16.751;96.268;-55.272;111.020;"0001-01-01T00:00:06.746+01:00|W1|1.4|-0.22|0.09|-0.22|1.30;0001-01-01T00:00:06.746+01:00|W2|0.5|0.42|0.03|0.42|0.24;0001-01-01T00:00:06.746+01:00|W3|1.0|0.33|0.00|0.33|0.82;0001-01-01T00:00:06.746+01:00|W4|2.1|-1.38|0.39|-1.38|1.53;0001-01-01T00:00:06.746+01:00|W5|0.9|-0.61|0.02|-0.61|0.59;0001-01-01T00:00:06.746+01:00|W6|1.1|-0.62|0.11|-0.62|0.85;0001-01-01T00:00:06.746+01:00|W7|1.7|-0.12|0.20|-0.12|1.71;0001-01-01T00:00:06.746+01:00|W8|2.1|-1.07|0.19|-1.07|1.78;0001-01-01T00:00:06.746+01:00|W9|1.4|-1.35|0.14|-1.35|0.27;0001-01-01T00:00:06.746+01:00|W10|1.3|-1.03|0.19|-1.03|0.79;0001-01-01T00:00:06.746+01:00|W11|0.8|-0.18|0.02|-0.18|0.81;0001-01-01T00:00:06.746+01:00|W12|0.9|-0.77|0.02|-0.77|0.29"
67.00;3.53;0001-01-01T00:00:06.7540000+01:00;63.75;-0.06;-24.00;39.7;3.379;7.392;29.393;-45.440;23.087;-16.792;96.197;-55.640;111.144;"0001-01-01T00:00:06.746+01:00|W1|1.4|-0.22|0.09|-0.22|1.30;0001-01-01T00:00:06.746+01:00|W2|0.5|0.42|0.03|0.42|0.24;0001-01-01T00:00:06.746+01:00|W3|1.0|0.33|0.00|0.33|0.82;0001-01-01T00:00:06.746+01:00|W4|2.1|-1.38|0.39|-1.38|1.53;0001-01-01T00:00:06.746+01:00|W5|0.9|-0.61|0.02|-0.61|0.59;0001-01-01T00:00:06.746+01:00|W6|1.1|-0.62|0.11|-0.62|0.85;0001-01-01T00:00:06.746+01:00|W7|1.7|-0.12|0.20|-0.12|1.71;0001-01-01T00:00:06.746+01:00|W8|2.1|-1.07|0.19|-1.07|1.78;0001-01-01T00:00:06.746+01:00|W9|1.4|-1.35|0.14|-1.35|0.27;0001-01-01T00:00:06.746+01:00|W10|1.3|-1.03|0.19|-1.03|0.79;0001-01-01T00:00:06.746+01:00|W11|0.8|-0.18|0.02|-0.18|0.81;0001-01-01T00:00:06.746+01:00|W12|0.9|-0.77|0.02|-0.77|0.29"
68.00;3.49;0001-01-01T00:00:06.7870000+01:00;64.63;-0.04;-24.51;39.8;3.331;6.663;29.645;-44.460;23.379;-16.871;96.189;-56.012;111.326;"0001-01-01T00:00:06.746+01:00|W1|1.4|-0.22|0.09|-0.22|1.30;0001-01-01T00:00:06.746+01:00|W2|0.5|0.42|0.03|0.42|0.24;0001-01-01T00:00:06.746+01:00|W3|1.0|0.33|0.00|0.33|0.82;0001-01-01T00:00:06.746+01:00|W4|2.1|-1.38|0.39|-1.38|1.53;0001-01-01T00:00:06.746+01:00|W5|0.9|-0.61|0.02|-0.61|0.59;0001-01-01T00:00:06.746+01:00|W6|1.1|-0.62|0.11|-0.62|0.85;0001-01-01T00:00:06.746+01:00|W7|1.7|-0.12|0.20|-0.12|1.71;0001-01-01T00:00:06.746+01:00|W8|2.1|-1.07|0.19|-1.07|1.78;0001-01-01T00:00:06.746+01:00|W9|1.4|-1.35|0.14|-1.35|0.27;0001-01-01T00:00:06.746+01:00|W10|1.3|-1.03|0.19|-1.03|0.79;0001-01-01T00:00:06.746+01:00|W11|0.8|-0.18|0.02|-0.18|0.81;0001-01-01T00:00:06.746+01:00|W12|0.9|-0.77|0.02|-0.77|0.29"
69.00;3.46;0001-01-01T00:00:06.8190000+01:00;65.51;-0.02;-25.02;39.8;3.283;5.928;29.896;-43.878;23.670;-16.857;96.152;-56.367;111.474;"0001-01-01T00:00:06.746+01:00|W1|1.4|-0.22|0.09|-0.22|1.30;0001-01-01T00:00:06.746+01:00|W2|0.5|0.42|0.03|0.42|0.24;0001-01-01T00:00:06.746+01:00|W3|1.0|0.33|0.00|0.33|0.82;0001-01-01T00:00:06.746+01:00|W4|2.1|-1.38|0.39|-1.38|1.53;0001-01-01T00:00:06.746+01:00|W5|0.9|-0.61|0.02|-0.61|0.59;0001-01-01T00:00:06.746+01:00|W6|1.1|-0.62|0.11|-0.62|0.85;0001-01-01T00:00:06.746+01:00|W7|1.7|-0.12|0.20|-0.12|1.71;0001-01-01T00:00:06.746+01:00|W8|2.1|-1.07|0.19|-1.07|1.78;0001-01-01T00:00:06.746+01:00|W9|1.4|-1.35|0.14|-1.35|0.27;0001-01-01T00:00:06.746+01:00|W10|1.3|-1.03|0.19|-1.03|0.79;0001-01-01T00:00:06.746+01:00|W11|0.8|-0.18|0.02|-0.18|0.81;0001-01-01T00:00:06.746+01:00|W12|0.9|-0.77|0.02|-0.77|0.29"
70.00;3.42;0001-01-01T00:00:06.8520000+01:00;66.38;-0.00;-25.53;39.7;3.236;5.211;30.147;-43.559;23.960;-16.756;96.104;-56.717;111.612;"0001-01-01T00:00:06.746+01:00|W1|1.4|-0.22|0.09|-0.22|1.30;0001-01-01T00:00:06.746+01:00|W2|0.5|0.42|0.03|0.42|0.24;0001-01-01T00:00:06.746+01:00|W3|1.0|0.33|0.00|0.33|0.82;0001-01-01T00:00:06.746+01:00|W4|2.1|-1.38|0.39|-1.38|1.53;0001-01-01T00:00:06.746+01:00|W5|0.9|-0.61|0.02|-0.61|0.59;0001-01-01T00:00:06.746+01:00|W6|1.1|-0.62|0.11|-0.62|0.85;0001-01-01T00:00:06.746+01:00|W7|1.7|-0.12|0.20|-0.12|1.71;0001-01-01T00:00:06.746+01:00|W8|2.1|-1.07|0.19|-1.07|1.78;0001-01-01T00:00:06.746+01:00|W9|1.4|-1.35|0.14|-1.35|0.27;0001-01-01T00:00:06.746+01:00|W10|1.3|-1.03|0.19|-1.03|0.79;0001-01-01T00:00:06.746+01:00|W11|0.8|-0.18|0.02|-0.18|0.81;0001-01-01T00:00:06.746+01:00|W12|0.9|-0.77|0.02|-0.77|0.29"
71.00;3.39;0001-01-01T00:00:06.8850000+01:00;67.25;0.02;-26.05;39.3;3.188;4.712;30.397;-43.445;24.250;-16.370;96.121;-57.109;111.829;"0001-01-01T00:00:06.992+01:00|W1|1.3|-0.23|0.01|-0.23|1.21;0001-01-01T00:00:06.992+01:00|W2|0.4|0.29|0.14|0.29|0.24;0001-01-01T00:00:06.992+01:00|W3|1.0|0.30|0.00|0.30|0.83;0001-01-01T00:00:06.992+01:00|W4|2.2|-1.39|0.37|-1.39|1.56;0001-01-01T00:00:06.992+01:00|W5|1.0|-0.60|0.05|-0.60|0.65;0001-01-01T00:00:06.992+01:00|W6|1.0|-0.66|0.06|-0.66|0.72;0001-01-01T00:00:06.992+01:00|W7|1.8|-0.09|0.22|-0.09|1.75;0001-01-01T00:00:06.992+01:00|W8|2.1|-1.02|0.11|-1.02|1.77;0001-01-01T00:00:06.992+01:00|W9|1.5|-1.40|0.05|-1.40|0.17;0001-01-01T00:00:06.992+01:00|W10|1.4|-1.07|0.12|-1.07|0.82;0001-01-01T00:00:06.992+01:00|W11|0.8|-0.19|0.05|-0.19|0.77;0001-01-01T00:00:06.992+01:00|W12|0.9|-0.82|0.04|-0.82|0.19"
72.00;3.35;0001-01-01T00:00:06.9170000+01:00;68.12;0.04;-26.57;39.5;3.141;4.381;30.647;-42.953;24.539;-15.915;96.037;-57.323;111.869;"0001-01-01T00:00:06.992+01:00|W1|1.3|-0.23|0.01|-0.23|1.21;0001-01-01T00:00:06.992+01:00|W2|0.4|0.29|0.14|0.29|0.24;0001-01-01T00:00:06.992+01:00|W3|1.0|0.30|0.00|0.30|0.83;0001-01-01T00:00:06.992+01:00|W4|2.2|-1.39|0.37|-1.39|1.56;0001-01-01T00:00:06.992+01:00|W5|1.0|-0.60|0.05|-0.60|0.65;0001-01-01T00:00:06.992+01:00|W6|1.0|-0.66|0.06|-0.66|0.72;0001-01-01T00:00:06.992+01:00|W7|1.8|-0.09|0.22|-0.09|1.75;0001-01-01T00:00:06.992+01:00|W8|2.1|-1.02|0.11|-1.02|1.77;0001-01-01T00:00:06.992+01:00|W9|1.5|-1.40|0.05|-1.40|0.17;0001-01-01T00:00:06.992+01:00|W10|1.4|-1.07|0.12|-1.07|0.82;0001-01-01T00:00:06.992+01:00|W11|0.8|-0.19|0.05|-0.19|0.77;0001-01-01T00:00:06.992+01:00|W12|0.9|-0.82|0.04|-0.82|0.19"
73.00;3.32;0001-01-01T00:00:06.9500000+01:00;68.99;0.05;-27.09;40.1;3.088;4.184;30.904;-42.173;24.826;-15.408;95.878;-57.401;111.773;"0001-01-01T00:00:06.992+01:00|W1|1.3|-0.23|0.01|-0.23|1.21;0001-01-01T00:00:06.992+01:00|W2|0.4|0.29|0.14|0.29|0.24;0001-01-01T00:00:06.992+01:00|W3|1.0|0.30|0.00|0.30|0.83;0001-01-01T00:00:06.992+01:00|W4|2.2|-1.39|0.37|-1.39|1.56;0001-01-01T00:00:06.992+01:00|W5|1.0|-0.60|0.05|-0.60|0.65;0001-01-01T00:00:06.992+01:00|W6|1.0|-0.66|0.06|-0.66|0.72;0001-01-01T00:00:06.992+01:00|W7|1.8|-0.09|0.22|-0.09|1.75;0001-01-01T00:00:06.992+01:00|W8|2.1|-1.02|0.11|-1.02|1.77;0001-01-01T00:00:06.992+01:00|W9|1.5|-1.40|0.05|-1.40|0.17;0001-01-01T00:00:06.992+01:00|W10|1.4|-1.07|0.12|-1.07|0.82;0001-01-01T00:00:06.992+01:00|W11|0.8|-0.19|0.05|-0.19|0.77;0001-01-01T00:00:06.992+01:00|W12|0.9|-0.82|0.04|-0.82|0.19"
74.00;3.29;0001-01-01T00:00:06.9820000+01:00;69.86;0.08;-27.61;39.7;2.831;4.173;31.462;-41.561;25.092;-14.982;95.753;-57.605;111.771;"0001-01-01T00:00:06.992+01:00|W1|1.3|-0.23|0.01|-0.23|1.21;0001-01-01T00:00:06.992+01:00|W2|0.4|0.29|0.14|0.29|0.24;0001-01-01T00:00:06.992+01:00|W3|1.0|0.30|0.00|0.30|0.83;0001-01-01T00:00:06.992+01:00|W4|2.2|-1.39|0.37|-1.39|1.56;0001-01-01T00:00:06.992+01:00|W5|1.0|-0.60|0.05|-0.60|0.65;0001-01-01T00:00:06.992+01:00|W6|1.0|-0.66|0.06|-0.66|0.72;0001-01-01T00:00:06.992+01:00|W7|1.8|-0.09|0.22|-0.09|1.75;0001-01-01T00:00:06.992+01:00|W8|2.1|-1.02|0.11|-1.02|1.77;0001-01-01T00:00:06.992+01:00|W9|1.5|-1.40|0.05|-1.40|0.17;0001-01-01T00:00:06.992+01:00|W10|1.4|-1.07|0.12|-1.07|0.82;0001-01-01T00:00:06.992+01:00|W11|0.8|-0.19|0.05|-0.19|0.77;0001-01-01T00:00:06.992+01:00|W12|0.9|-0.82|0.04|-0.82|0.19"
75.00;3.26;0001-01-01T00:00:07.0150000+01:00;70.72;0.10;-28.14;39.7;2.575;4.218;32.019;-41.268;25.358;-14.644;95.694;-57.893;111.869;"0001-01-01T00:00:06.992+01:00|W1|1.3|-0.23|0.01|-0.23|1.21;0001-01-01T00:00:06.992+01:00|W2|0.4|0.29|0.14|0.29|0.24;0001-01-01T00:00:06.992+01:00|W3|1.0|0.30|0.00|0.30|0.83;0001-01-01T00:00:06.992+01:00|W4|2.2|-1.39|0.37|-1.39|1.56;0001-01-01T00:00:06.992+01:00|W5|1.0|-0.60|0.05|-0.60|0.65;0001-01-01T00:00:06.992+01:00|W6|1.0|-0.66|0.06|-0.66|0.72;0001-01-01T00:00:06.992+01:00|W7|1.8|-0.09|0.22|-0.09|1.75;0001-01-01T00:00:06.992+01:00|W8|2.1|-1.02|0.11|-1.02|1.77;0001-01-01T00:00:06.992+01:00|W9|1.5|-1.40|0.05|-1.40|0.17;0001-01-01T00:00:06.992+01:00|W10|1.4|-1.07|0.12|-1.07|0.82;0001-01-01T00:00:06.992+01:00|W11|0.8|-0.19|0.05|-0.19|0.77;0001-01-01T00:00:06.992+01:00|W12|0.9|-0.82|0.04|-0.82|0.19"
76.00;3.24;0001-01-01T00:00:07.0480000+01:00;71.59;0.12;-28.66;39.9;2.319;4.322;32.576;-41.303;25.624;-14.397;95.704;-58.267;112.070;"0001-01-01T00:00:06.992+01:00|W1|1.3|-0.23|0.01|-0.23|1.21;0001-01-01T00:00:06.992+01:00|W2|0.4|0.29|0.14|0.29|0.24;0001-01-01T00:00:06.992+01:00|W3|1.0|0.30|0.00|0.30|0.83;0001-01-01T00:00:06.992+01:00|W4|2.2|-1.39|0.37|-1.39|1.56;0001-01-01T00:00:06.992+01:00|W5|1.0|-0.60|0.05|-0.60|0.65;0001-01-01T00:00:06.992+01:00|W6|1.0|-0.66|0.06|-0.66|0.72;0001-01-01T00:00:06.992+01:00|W7|1.8|-0.09|0.22|-0.09|1.75;0001-01-01T00:00:06.992+01:00|W8|2.1|-1.02|0.11|-1.02|1.77;0001-01-01T00:00:06.992+01:00|W9|1.5|-1.40|0.05|-1.40|0.17;0001-01-01T00:00:06.992+01:00|W10|1.4|-1.07|0.12|-1.07|0.82;0001-01-01T00:00:06.992+01:00|W11|0.8|-0.19|0.05|-0.19|0.77;0001-01-01T00:00:06.992+01:00|W12|0.9|-0.82|0.04|-0.82|0.19"
77.00;3.22;0001-01-01T00:00:07.0800000+01:00;72.45;0.14;-29.19;40.2;2.118;4.291;32.950;-41.482;25.889;-14.529;95.692;-58.627;112.250;"0001-01-01T00:00:06.992+01:00|W1|1.3|-0.23|0.01|-0.23|1.21;0001-01-01T00:00:06.992+01:00|W2|0.4|0.29|0.14|0.29|0.24;0001-01-01T00:00:06.992+01:00|W3|1.0|0.30|0.00|0.30|0.83;0001-01-01T00:00:06.992+01:00|W4|2.2|-1.39|0.37|-1.39|1.56;0001-01-01T00:00:06.992+01:00|W5|1.0|-0.60|0.05|-0.60|0.65;0001-01-01T00:00:06.992+01:00|W6|1.0|-0.66|0.06|-0.66|0.72;0001-01-01T00:00:06.992+01:00|W7|1.8|-0.09|0.22|-0.09|1.75;0001-01-01T00:00:06.992+01:00|W8|2.1|-1.02|0.11|-1.02|1.77;0001-01-01T00:00:06.992+01:00|W9|1.5|-1.40|0.05|-1.40|0.17;0001-01-01T00:00:06.992+01:00|W10|1.4|-1.07|0.12|-1.07|0.82;0001-01-01T00:00:06.992+01:00|W11|0.8|-0.19|0.05|-0.19|0.77;0001-01-01T00:00:06.992+01:00|W12|0.9|-0.82|0.04|-0.82|0.19"
78.00;3.20;0001-01-01T00:00:07.1120000+01:00;73.32;0.16;-29.72;40.5;1.916;4.254;33.240;-41.669;26.198;-14.677;95.635;-58.982;112.388;"0001-01-01T00:00:06.992+01:00|W1|1.3|-0.23|0.01|-0.23|1.21;0001-01-01T00:00:06.992+01:00|W2|0.4|0.29|0.14|0.29|0.24;0001-01-01T00:00:06.992+01:00|W3|1.0|0.30|0.00|0.30|0.83;0001-01-01T00:00:06.992+01:00|W4|2.2|-1.39|0.37|-1.39|1.56;0001-01-01T00:00:06.992+01:00|W5|1.0|-0.60|0.05|-0.60|0.65;0001-01-01T00:00:06.992+01:00|W6|1.0|-0.66|0.06|-0.66|0.72;0001-01-01T00:00:06.992+01:00|W7|1.8|-0.09|0.22|-0.09|1.75;0001-01-01T00:00:06.992+01:00|W8|2.1|-1.02|0.11|-1.02|1.77;0001-01-01T00:00:06.992+01:00|W9|1.5|-1.40|0.05|-1.40|0.17;0001-01-01T00:00:06.992+01:00|W10|1.4|-1.07|0.12|-1.07|0.82;0001-01-01T00:00:06.992+01:00|W11|0.8|-0.19|0.05|-0.19|0.77;0001-01-01T00:00:06.992+01:00|W12|0.9|-0.82|0.04|-0.82|0.19"
79.00;3.18;0001-01-01T00:00:07.1450000+01:00;74.18;0.19;-30.25;40.8;1.707;4.217;33.422;-41.856;26.568;-14.826;95.516;-59.332;112.468;"0001-01-01T00:00:07.247+01:00|W1|1.3|-0.24|0.02|-0.24|1.19;0001-01-01T00:00:07.247+01:00|W2|0.4|0.29|0.14|0.29|0.24;0001-01-01T00:00:07.247+01:00|W3|1.0|0.33|0.02|0.33|0.87;0001-01-01T00:00:07.247+01:00|W4|2.1|-1.37|0.31|-1.37|1.56;0001-01-01T00:00:07.247+01:00|W5|1.0|-0.60|0.09|-0.60|0.68;0001-01-01T00:00:07.247+01:00|W6|1.0|-0.69|0.05|-0.69|0.62;0001-01-01T00:00:07.247+01:00|W7|1.8|-0.10|0.26|-0.10|1.80;0001-01-01T00:00:07.247+01:00|W8|2.0|-0.91|0.06|-0.91|1.80;0001-01-01T00:00:07.247+01:00|W9|1.5|-1.37|0.04|-1.37|0.17;0001-01-01T00:00:07.247+01:00|W10|1.4|-1.14|0.02|-1.14|0.86;0001-01-01T00:00:07.247+01:00|W11|0.8|-0.20|0.07|-0.20|0.75;0001-01-01T00:00:07.247+01:00|W12|0.9|-0.87|0.07|-0.87|0.12"
80.00;3.16;0001-01-01T00:00:07.1770000+01:00;75.04;0.21;-30.78;41.5;1.501;4.012;33.602;-41.896;26.932;-15.085;95.642;-59.882;112.877;"0001-01-01T00:00:07.247+01:00|W1|1.3|-0.24|0.02|-0.24|1.19;0001-01-01T00:00:07.247+01:00|W2|0.4|0.29|0.14|0.29|0.24;0001-01-01T00:00:07.247+01:00|W3|1.0|0.33|0.02|0.33|0.87;0001-01-01T00:00:07.247+01:00|W4|2.1|-1.37|0.31|-1.37|1.56;0001-01-01T00:00:07.247+01:00|W5|1.0|-0.60|0.09|-0.60|0.68;0001-01-01T00:00:07.247+01:00|W6|1.0|-0.69|0.05|-0.69|0.62;0001-01-01T00:00:07.247+01:00|W7|1.8|-0.10|0.26|-0.10|1.80;0001-01-01T00:00:07.247+01:00|W8|2.0|-0.91|0.06|-0.91|1.80;0001-01-01T00:00:07.247+01:00|W9|1.5|-1.37|0.04|-1.37|0.17;0001-01-01T00:00:07.247+01:00|W10|1.4|-1.14|0.02|-1.14|0.86;0001-01-01T00:00:07.247+01:00|W11|0.8|-0.20|0.07|-0.20|0.75;0001-01-01T00:00:07.247+01:00|W12|0.9|-0.87|0.07|-0.87|0.12"
81.00;3.15;0001-01-01T00:00:07.2090000+01:00;75.89;0.23;-31.32;42.2;1.326;3.783;33.823;-41.917;27.249;-15.360;95.746;-60.314;113.203;"0001-01-01T00:00:07.247+01:00|W1|1.3|-0.24|0.02|-0.24|1.19;0001-01-01T00:00:07.247+01:00|W2|0.4|0.29|0.14|0.29|0.24;0001-01-01T00:00:07.247+01:00|W3|1.0|0.33|0.02|0.33|0.87;0001-01-01T00:00:07.247+01:00|W4|2.1|-1.37|0.31|-1.37|1.56;0001-01-01T00:00:07.247+01:00|W5|1.0|-0.60|0.09|-0.60|0.68;0001-01-01T00:00:07.247+01:00|W6|1.0|-0.69|0.05|-0.69|0.62;0001-01-01T00:00:07.247+01:00|W7|1.8|-0.10|0.26|-0.10|1.80;0001-01-01T00:00:07.247+01:00|W8|2.0|-0.91|0.06|-0.91|1.80;0001-01-01T00:00:07.247+01:00|W9|1.5|-1.37|0.04|-1.37|0.17;0001-01-01T00:00:07.247+01:00|W10|1.4|-1.14|0.02|-1.14|0.86;0001-01-01T00:00:07.247+01:00|W11|0.8|-0.20|0.07|-0.20|0.75;0001-01-01T00:00:07.247+01:00|W12|0.9|-0.87|0.07|-0.87|0.12"
82.00;3.13;0001-01-01T00:00:07.2420000+01:00;76.75;0.26;-31.86;43.0;1.216;3.553;34.135;-41.938;27.470;-15.636;95.733;-60.440;113.253;"0001-01-01T00:00:07.247+01:00|W1|1.3|-0.24|0.02|-0.24|1.19;0001-01-01T00:00:07.247+01:00|W2|0.4|0.29|0.14|0.29|0.24;0001-01-01T00:00:07.247+01:00|W3|1.0|0.33|0.02|0.33|0.87;0001-01-01T00:00:07.247+01:00|W4|2.1|-1.37|0.31|-1.37|1.56;0001-01-01T00:00:07.247+01:00|W5|1.0|-0.60|0.09|-0.60|0.68;0001-01-01T00:00:07.247+01:00|W6|1.0|-0.69|0.05|-0.69|0.62;0001-01-01T00:00:07.247+01:00|W7|1.8|-0.10|0.26|-0.10|1.80;0001-01-01T00:00:07.247+01:00|W8|2.0|-0.91|0.06|-0.91|1.80;0001-01-01T00:00:07.247+01:00|W9|1.5|-1.37|0.04|-1.37|0.17;0001-01-01T00:00:07.247+01:00|W10|1.4|-1.14|0.02|-1.14|0.86;0001-01-01T00:00:07.247+01:00|W11|0.8|-0.20|0.07|-0.20|0.75;0001-01-01T00:00:07.247+01:00|W12|0.9|-0.87|0.07|-0.87|0.12"
83.00;3.12;0001-01-01T00:00:07.2740000+01:00;77.60;0.29;-32.40;43.3;1.172;3.323;34.029;-41.872;27.477;-15.870;95.695;-60.693;113.357;"0001-01-01T00:00:07.247+01:00|W1|1.3|-0.24|0.02|-0.24|1.19;0001-01-01T00:00:07.247+01:00|W2|0.4|0.29|0.14|0.29|0.24;0001-01-01T00:00:07.247+01:00|W3|1.0|0.33|0.02|0.33|0.87;0001-01-01T00:00:07.247+01:00|W4|2.1|-1.37|0.31|-1.37|1.56;0001-01-01T00:00:07.247+01:00|W5|1.0|-0.60|0.09|-0.60|0.68;0001-01-01T00:00:07.247+01:00|W6|1.0|-0.69|0.05|-0.69|0.62;0001-01-01T00:00:07.247+01:00|W7|1.8|-0.10|0.26|-0.10|1.80;0001-01-01T00:00:07.247+01:00|W8|2.0|-0.91|0.06|-0.91|1.80;0001-01-01T00:00:07.247+01:00|W9|1.5|-1.37|0.04|-1.37|0.17;0001-01-01T00:00:07.247+01:00|W10|1.4|-1.14|0.02|-1.14|0.86;0001-01-01T00:00:07.247+01:00|W11|0.8|-0.20|0.07|-0.20|0.75;0001-01-01T00:00:07.247+01:00|W12|0.9|-0.87|0.07|-0.87|0.12"
84.00;3.11;0001-01-01T00:00:07.3060000+01:00;78.46;0.31;-32.94;43.4;1.157;3.116;33.847;-41.779;27.412;-16.039;95.660;-60.974;113.482;"0001-01-01T00:00:07.247+01:00|W1|1.3|-0.24|0.02|-0.24|1.19;0001-01-01T00:00:07.247+01:00|W2|0.4|0.29|0.14|0.29|0.24;0001-01-01T00:00:07.247+01:00|W3|1.0|0.33|0.02|0.33|0.87;0001-01-01T00:00:07.247+01:00|W4|2.1|-1.37|0.31|-1.37|1.56;0001-01-01T00:00:07.247+01:00|W5|1.0|-0.60|0.09|-0.60|0.68;0001-01-01T00:00:07.247+01:00|W6|1.0|-0.69|0.05|-0.69|0.62;0001-01-01T00:00:07.247+01:00|W7|1.8|-0.10|0.26|-0.10|1.80;0001-01-01T00:00:07.247+01:00|W8|2.0|-0.91|0.06|-0.91|1.80;0001-01-01T00:00:07.247+01:00|W9|1.5|-1.37|0.04|-1.37|0.17;0001-01-01T00:00:07.247+01:00|W10|1.4|-1.14|0.02|-1.14|0.86;0001-01-01T00:00:07.247+01:00|W11|0.8|-0.20|0.07|-0.20|0.75;0001-01-01T00:00:07.247+01:00|W12|0.9|-0.87|0.07|-0.87|0.12"
85.00;3.07;0001-01-01T00:00:07.3370000+01:00;79.30;0.34;-33.51;43.3;1.180;2.993;33.831;-41.682;27.309;-16.023;95.663;-61.226;113.620;"0001-01-01T00:00:07.247+01:00|W1|1.3|-0.24|0.02|-0.24|1.19;0001-01-01T00:00:07.247+01:00|W2|0.4|0.29|0.14|0.29|0.24;0001-01-01T00:00:07.247+01:00|W3|1.0|0.33|0.02|0.33|0.87;0001-01-01T00:00:07.247+01:00|W4|2.1|-1.37|0.31|-1.37|1.56;0001-01-01T00:00:07.247+01:00|W5|1.0|-0.60|0.09|-0.60|0.68;0001-01-01T00:00:07.247+01:00|W6|1.0|-0.69|0.05|-0.69|0.62;0001-01-01T00:00:07.247+01:00|W7|1.8|-0.10|0.26|-0.10|1.80;0001-01-01T00:00:07.247+01:00|W8|2.0|-0.91|0.06|-0.91|1.80;0001-01-01T00:00:07.247+01:00|W9|1.5|-1.37|0.04|-1.37|0.17;0001-01-01T00:00:07.247+01:00|W10|1.4|-1.14|0.02|-1.14|0.86;0001-01-01T00:00:07.247+01:00|W11|0.8|-0.20|0.07|-0.20|0.75;0001-01-01T00:00:07.247+01:00|W12|0.9|-0.87|0.07|-0.87|0.12"
86.00;3.04;0001-01-01T00:00:07.3690000+01:00;80.13;0.37;-34.07;43.2;1.203;2.870;33.814;-41.586;27.205;-16.008;95.665;-61.477;113.759;"0001-01-01T00:00:07.247+01:00|W1|1.3|-0.24|0.02|-0.24|1.19;0001-01-01T00:00:07.247+01:00|W2|0.4|0.29|0.14|0.29|0.24;0001-01-01T00:00:07.247+01:00|W3|1.0|0.33|0.02|0.33|0.87;0001-01-01T00:00:07.247+01:00|W4|2.1|-1.37|0.31|-1.37|1.56;0001-01-01T00:00:07.247+01:00|W5|1.0|-0.60|0.09|-0.60|0.68;0001-01-01T00:00:07.247+01:00|W6|1.0|-0.69|0.05|-0.69|0.62;0001-01-01T00:00:07.247+01:00|W7|1.8|-0.10|0.26|-0.10|1.80;0001-01-01T00:00:07.247+01:00|W8|2.0|-0.91|0.06|-0.91|1.80;0001-01-01T00:00:07.247+01:00|W9|1.5|-1.37|0.04|-1.37|0.17;0001-01-01T00:00:07.247+01:00|W10|1.4|-1.14|0.02|-1.14|0.86;0001-01-01T00:00:07.247+01:00|W11|0.8|-0.20|0.07|-0.20|0.75;0001-01-01T00:00:07.247+01:00|W12|0.9|-0.87|0.07|-0.87|0.12"
87.00;3.02;0001-01-01T00:00:07.4000000+01:00;80.97;0.40;-34.64;43.1;1.225;2.748;33.797;-41.489;27.102;-15.992;95.668;-61.728;113.898;"0001-01-01T00:00:07.499+01:00|W1|1.3|-0.24|0.02|-0.24|1.19;0001-01-01T00:00:07.499+01:00|W2|0.3|0.18|0.18|0.18|0.22;0001-01-01T00:00:07.499+01:00|W3|1.0|0.33|0.02|0.33|0.87;0001-01-01T00:00:07.499+01:00|W4|2.0|-1.32|0.19|-1.32|1.51;0001-01-01T00:00:07.499+01:00|W5|1.0|-0.60|0.09|-0.60|0.68;0001-01-01T00:00:07.499+01:00|W6|1.0|-0.69|0.05|-0.69|0.62;0001-01-01T00:00:07.499+01:00|W7|1.8|-0.10|0.26|-0.10|1.80;0001-01-01T00:00:07.499+01:00|W8|2.0|-0.91|0.06|-0.91|1.80;0001-01-01T00:00:07.499+01:00|W9|1.5|-1.37|0.04|-1.37|0.17;0001-01-01T00:00:07.499+01:00|W10|1.4|-1.14|0.02|-1.14|0.86;0001-01-01T00:00:07.499+01:00|W11|0.8|-0.20|0.07|-0.20|0.75;0001-01-01T00:00:07.499+01:00|W12|0.9|-0.87|0.07|-0.87|0.12"
88.00;3.00;0001-01-01T00:00:07.4320000+01:00;81.81;0.43;-35.20;43.0;1.248;2.625;33.780;-41.393;26.998;-15.977;95.670;-61.979;114.038;"0001-01-01T00:00:07.499+01:00|W1|1.3|-0.24|0.02|-0.24|1.19;0001-01-01T00:00:07.499+01:00|W2|0.3|0.18|0.18|0.18|0.22;0001-01-01T00:00:07.499+01:00|W3|1.0|0.33|0.02|0.33|0.87;0001-01-01T00:00:07.499+01:00|W4|2.0|-1.32|0.19|-1.32|1.51;0001-01-01T00:00:07.499+01:00|W5|1.0|-0.60|0.09|-0.60|0.68;0001-01-01T00:00:07.499+01:00|W6|1.0|-0.69|0.05|-0.69|0.62;0001-01-01T00:00:07.499+01:00|W7|1.8|-0.10|0.26|-0.10|1.80;0001-01-01T00:00:07.499+01:00|W8|2.0|-0.91|0.06|-0.91|1.80;0001-01-01T00:00:07.499+01:00|W9|1.5|-1.37|0.04|-1.37|0.17;0001-01-01T00:00:07.499+01:00|W10|1.4|-1.14|0.02|-1.14|0.86;0001-01-01T00:00:07.499+01:00|W11|0.8|-0.20|0.07|-0.20|0.75;0001-01-01T00:00:07.499+01:00|W12|0.9|-0.87|0.07|-0.87|0.12"
89.00;2.99;0001-01-01T00:00:07.4640000+01:00;82.65;0.46;-35.76;42.9;1.271;2.503;33.763;-41.296;26.895;-15.961;95.673;-62.230;114.177;"0001-01-01T00:00:07.499+01:00|W1|1.3|-0.24|0.02|-0.24|1.19;0001-01-01T00:00:07.499+01:00|W2|0.3|0.18|0.18|0.18|0.22;0001-01-01T00:00:07.499+01:00|W3|1.0|0.33|0.02|0.33|0.87;0001-01-01T00:00:07.499+01:00|W4|2.0|-1.32|0.19|-1.32|1.51;0001-01-01T00:00:07.499+01:00|W5|1.0|-0.60|0.09|-0.60|0.68;0001-01-01T00:00:07.499+01:00|W6|1.0|-0.69|0.05|-0.69|0.62;0001-01-01T00:00:07.499+01:00|W7|1.8|-0.10|0.26|-0.10|1.80;0001-01-01T00:00:07.499+01:00|W8|2.0|-0.91|0.06|-0.91|1.80;0001-01-01T00:00:07.499+01:00|W9|1.5|-1.37|0.04|-1.37|0.17;0001-01-01T00:00:07.499+01:00|W10|1.4|-1.14|0.02|-1.14|0.86;0001-01-01T00:00:07.499+01:00|W11|0.8|-0.20|0.07|-0.20|0.75;0001-01-01T00:00:07.499+01:00|W12|0.9|-0.87|0.07|-0.87|0.12"
90.00;2.98;0001-01-01T00:00:07.4950000+01:00;83.49;0.49;-36.33;42.8;1.294;2.380;33.746;-41.200;26.792;-15.946;95.675;-62.481;114.318;"0001-01-01T00:00:07.499+01:00|W1|1.3|-0.24|0.02|-0.24|1.19;0001-01-01T00:00:07.499+01:00|W2|0.3|0.18|0.18|0.18|0.22;0001-01-01T00:00:07.499+01:00|W3|1.0|0.33|0.02|0.33|0.87;0001-01-01T00:00:07.499+01:00|W4|2.0|-1.32|0.19|-1.32|1.51;0001-01-01T00:00:07.499+01:00|W5|1.0|-0.60|0.09|-0.60|0.68;0001-01-01T00:00:07.499+01:00|W6|1.0|-0.69|0.05|-0.69|0.62;0001-01-01T00:00:07.499+01:00|W7|1.8|-0.10|0.26|-0.10|1.80;0001-01-01T00:00:07.499+01:00|W8|2.0|-0.91|0.06|-0.91|1.80;0001-01-01T00:00:07.499+01:00|W9|1.5|-1.37|0.04|-1.37|0.17;0001-01-01T00:00:07.499+01:00|W10|1.4|-1.14|0.02|-1.14|0.86;0001-01-01T00:00:07.499+01:00|W11|0.8|-0.20|0.07|-0.20|0.75;0001-01-01T00:00:07.499+01:00|W12|0.9|-0.87|0.07|-0.87|0.12"
91.00;2.97;0001-01-01T00:00:07.5270000+01:00;84.33;0.52;-36.89;42.7;1.317;2.258;33.730;-41.103;26.688;-15.930;95.678;-62.731;114.458;"0001-01-01T00:00:07.499+01:00|W1|1.3|-0.24|0.02|-0.24|1.19;0001-01-01T00:00:07.499+01:00|W2|0.3|0.18|0.18|0.18|0.22;0001-01-01T00:00:07.499+01:00|W3|1.0|0.33|0.02|0.33|0.87;0001-01-01T00:00:07.499+01:00|W4|2.0|-1.32|0.19|-1.32|1.51;0001-01-01T00:00:07.499+01:00|W5|1.0|-0.60|0.09|-0.60|0.68;0001-01-01T00:00:07.499+01:00|W6|1.0|-0.69|0.05|-0.69|0.62;0001-01-01T00:00:07.499+01:00|W7|1.8|-0.10|0.26|-0.10|1.80;0001-01-01T00:00:07.499+01:00|W8|2.0|-0.91|0.06|-0.91|1.80;0001-01-01T00:00:07.499+01:00|W9|1.5|-1.37|0.04|-1.37|0.17;0001-01-01T00:00:07.499+01:00|W10|1.4|-1.14|0.02|-1.14|0.86;0001-01-01T00:00:07.499+01:00|W11|0.8|-0.20|0.07|-0.20|0.75;0001-01-01T00:00:07.499+01:00|W12|0.9|-0.87|0.07|-0.87|0.12"
92.00;2.97;0001-01-01T00:00:07.5580000+01:00;85.17;0.55;-37.45;42.6;1.340;2.135;33.713;-41.007;26.585;-15.915;95.680;-62.982;114.599;"0001-01-01T00:00:07.499+01:00|W1|1.3|-0.24|0.02|-0.24|1.19;0001-01-01T00:00:07.499+01:00|W2|0.3|0.18|0.18|0.18|0.22;0001-01-01T00:00:07.499+01:00|W3|1.0|0.33|0.02|0.33|0.87;0001-01-01T00:00:07.499+01:00|W4|2.0|-1.32|0.19|-1.32|1.51;0001-01-01T00:00:07.499+01:00|W5|1.0|-0.60|0.09|-0.60|0.68;0001-01-01T00:00:07.499+01:00|W6|1.0|-0.69|0.05|-0.69|0.62;0001-01-01T00:00:07.499+01:00|W7|1.8|-0.10|0.26|-0.10|1.80;0001-01-01T00:00:07.499+01:00|W8|2.0|-0.91|0.06|-0.91|1.80;0001-01-01T00:00:07.499+01:00|W9|1.5|-1.37|0.04|-1.37|0.17;0001-01-01T00:00:07.499+01:00|W10|1.4|-1.14|0.02|-1.14|0.86;0001-01-01T00:00:07.499+01:00|W11|0.8|-0.20|0.07|-0.20|0.75;0001-01-01T00:00:07.499+01:00|W12|0.9|-0.87|0.07|-0.87|0.12"
93.00;2.98;0001-01-01T00:00:07.5900000+01:00;86.01;0.58;-38.02;42.5;1.363;2.013;33.696;-40.910;26.481;-15.899;95.683;-63.233;114.741;"0001-01-01T00:00:07.499+01:00|W1|1.3|-0.24|0.02|-0.24|1.19;0001-01-01T00:00:07.499+01:00|W2|0.3|0.18|0.18|0.18|0.22;0001-01-01T00:00:07.499+01:00|W3|1.0|0.33|0.02|0.33|0.87;0001-01-01T00:00:07.499+01:00|W4|2.0|-1.32|0.19|-1.32|1.51;0001-01-01T00:00:07.499+01:00|W5|1.0|-0.60|0.09|-0.60|0.68;0001-01-01T00:00:07.499+01:00|W6|1.0|-0.69|0.05|-0.69|0.62;0001-01-01T00:00:07.499+01:00|W7|1.8|-0.10|0.26|-0.10|1.80;0001-01-01T00:00:07.499+01:00|W8|2.0|-0.91|0.06|-0.91|1.80;0001-01-01T00:00:07.499+01:00|W9|1.5|-1.37|0.04|-1.37|0.17;0001-01-01T00:00:07.499+01:00|W10|1.4|-1.14|0.02|-1.14|0.86;0001-01-01T00:00:07.499+01:00|W11|0.8|-0.20|0.07|-0.20|0.75;0001-01-01T00:00:07.499+01:00|W12|0.9|-0.87|0.07|-0.87|0.12"
94.00;2.99;0001-01-01T00:00:07.6210000+01:00;86.85;0.61;-38.58;42.4;1.386;1.890;33.679;-40.814;26.378;-15.884;95.685;-63.484;114.882;"0001-01-01T00:00:07.499+01:00|W1|1.3|-0.24|0.02|-0.24|1.19;0001-01-01T00:00:07.499+01:00|W2|0.3|0.18|0.18|0.18|0.22;0001-01-01T00:00:07.499+01:00|W3|1.0|0.33|0.02|0.33|0.87;0001-01-01T00:00:07.499+01:00|W4|2.0|-1.32|0.19|-1.32|1.51;0001-01-01T00:00:07.499+01:00|W5|1.0|-0.60|0.09|-0.60|0.68;0001-01-01T00:00:07.499+01:00|W6|1.0|-0.69|0.05|-0.69|0.62;0001-01-01T00:00:07.499+01:00|W7|1.8|-0.10|0.26|-0.10|1.80;0001-01-01T00:00:07.499+01:00|W8|2.0|-0.91|0.06|-0.91|1.80;0001-01-01T00:00:07.499+01:00|W9|1.5|-1.37|0.04|-1.37|0.17;0001-01-01T00:00:07.499+01:00|W10|1.4|-1.14|0.02|-1.14|0.86;0001-01-01T00:00:07.499+01:00|W11|0.8|-0.20|0.07|-0.20|0.75;0001-01-01T00:00:07.499+01:00|W12|0.9|-0.87|0.07|-0.87|0.12"
95.00;3.01;0001-01-01T00:00:07.6530000+01:00;87.68;0.64;-39.14;42.3;1.408;1.768;33.662;-40.717;26.275;-15.868;95.688;-63.734;115.024;"0001-01-01T00:00:07.743+01:00|W1|1.3|-0.25|0.03|-0.25|1.18;0001-01-01T00:00:07.743+01:00|W2|0.3|0.08|0.19|0.08|0.19;0001-01-01T00:00:07.743+01:00|W3|1.1|0.37|0.08|0.37|0.94;0001-01-01T00:00:07.743+01:00|W4|1.9|-1.23|0.08|-1.23|1.47;0001-01-01T00:00:07.743+01:00|W5|1.2|-0.59|0.22|-0.59|0.89;0001-01-01T00:00:07.743+01:00|W6|1.0|-0.88|0.07|-0.88|0.31;0001-01-01T00:00:07.743+01:00|W7|1.9|-0.20|0.29|-0.20|1.78;0001-01-01T00:00:07.743+01:00|W8|2.0|-0.79|0.04|-0.79|1.85;0001-01-01T00:00:07.743+01:00|W9|1.5|-1.35|0.01|-1.35|0.20;0001-01-01T00:00:07.743+01:00|W10|1.5|-1.15|0.02|-1.15|0.89;0001-01-01T00:00:07.743+01:00|W11|0.8|-0.20|0.08|-0.20|0.74;0001-01-01T00:00:07.743+01:00|W12|1.0|-0.96|0.12|-0.96|0.08"
96.00;3.03;0001-01-01T00:00:07.6840000+01:00;88.52;0.67;-39.70;42.2;1.431;1.645;33.646;-40.621;26.171;-15.853;95.690;-63.985;115.167;"0001-01-01T00:00:07.743+01:00|W1|1.3|-0.25|0.03|-0.25|1.18;0001-01-01T00:00:07.743+01:00|W2|0.3|0.08|0.19|0.08|0.19;0001-01-01T00:00:07.743+01:00|W3|1.1|0.37|0.08|0.37|0.94;0001-01-01T00:00:07.743+01:00|W4|1.9|-1.23|0.08|-1.23|1.47;0001-01-01T00:00:07.743+01:00|W5|1.2|-0.59|0.22|-0.59|0.89;0001-01-01T00:00:07.743+01:00|W6|1.0|-0.88|0.07|-0.88|0.31;0001-01-01T00:00:07.743+01:00|W7|1.9|-0.20|0.29|-0.20|1.78;0001-01-01T00:00:07.743+01:00|W8|2.0|-0.79|0.04|-0.79|1.85;0001-01-01T00:00:07.743+01:00|W9|1.5|-1.35|0.01|-1.35|0.20;0001-01-01T00:00:07.743+01:00|W10|1.5|-1.15|0.02|-1.15|0.89;0001-01-01T00:00:07.743+01:00|W11|0.8|-0.20|0.08|-0.20|0.74;0001-01-01T00:00:07.743+01:00|W12|1.0|-0.96|0.12|-0.96|0.08"
97.00;3.05;0001-01-01T00:00:07.7160000+01:00;89.36;0.70;-40.27;42.1;1.454;1.523;33.629;-40.524;26.068;-15.837;95.693;-64.236;115.310;"0001-01-01T00:00:07.743+01:00|W1|1.3|-0.25|0.03|-0.25|1.18;0001-01-01T00:00:07.743+01:00|W2|0.3|0.08|0.19|0.08|0.19;0001-01-01T00:00:07.743+01:00|W3|1.1|0.37|0.08|0.37|0.94;0001-01-01T00:00:07.743+01:00|W4|1.9|-1.23|0.08|-1.23|1.47;0001-01-01T00:00:07.743+01:00|W5|1.2|-0.59|0.22|-0.59|0.89;0001-01-01T00:00:07.743+01:00|W6|1.0|-0.88|0.07|-0.88|0.31;0001-01-01T00:00:07.743+01:00|W7|1.9|-0.20|0.29|-0.20|1.78;0001-01-01T00:00:07.743+01:00|W8|2.0|-0.79|0.04|-0.79|1.85;0001-01-01T00:00:07.743+01:00|W9|1.5|-1.35|0.01|-1.35|0.20;0001-01-01T00:00:07.743+01:00|W10|1.5|-1.15|0.02|-1.15|0.89;0001-01-01T00:00:07.743+01:00|W11|0.8|-0.20|0.08|-0.20|0.74;0001-01-01T00:00:07.743+01:00|W12|1.0|-0.96|0.12|-0.96|0.08"
98.00;3.07;0001-01-01T00:00:07.7470000+01:00;90.20;0.73;-40.83;42.0;1.477;1.401;33.612;-40.428;25.965;-15.822;95.695;-64.486;115.453;"0001-01-01T00:00:07.743+01:00|W1|1.3|-0.25|0.03|-0.25|1.18;0001-01-01T00:00:07.743+01:00|W2|0.3|0.08|0.19|0.08|0.19;0001-01-01T00:00:07.743+01:00|W3|1.1|0.37|0.08|0.37|0.94;0001-01-01T00:00:07.743+01:00|W4|1.9|-1.23|0.08|-1.23|1.47;0001-01-01T00:00:07.743+01:00|W5|1.2|-0.59|0.22|-0.59|0.89;0001-01-01T00:00:07.743+01:00|W6|1.0|-0.88|0.07|-0.88|0.31;0001-01-01T00:00:07.743+01:00|W7|1.9|-0.20|0.29|-0.20|1.78;0001-01-01T00:00:07.743+01:00|W8|2.0|-0.79|0.04|-0.79|1.85;0001-01-01T00:00:07.743+01:00|W9|1.5|-1.35|0.01|-1.35|0.20;0001-01-01T00:00:07.743+01:00|W10|1.5|-1.15|0.02|-1.15|0.89;0001-01-01T00:00:07.743+01:00|W11|0.8|-0.20|0.08|-0.20|0.74;0001-01-01T00:00:07.743+01:00|W12|1.0|-0.96|0.12|-0.96|0.08"
99.00;3.10;0001-01-01T00:00:07.7780000+01:00;91.03;0.76;-41.39;41.9;1.500;1.279;33.595;-40.333;25.862;-15.806;95.697;-64.735;115.595;"0001-01-01T00:00:07.743+01:00|W1|1.3|-0.25|0.03|-0.25|1.18;0001-01-01T00:00:07.743+01:00|W2|0.3|0.08|0.19|0.08|0.19;0001-01-01T00:00:07.743+01:00|W3|1.1|0.37|0.08|0.37|0.94;0001-01-01T00:00:07.743+01:00|W4|1.9|-1.23|0.08|-1.23|1.47;0001-01-01T00:00:07.743+01:00|W5|1.2|-0.59|0.22|-0.59|0.89;0001-01-01T00:00:07.743+01:00|W6|1.0|-0.88|0.07|-0.88|0.31;0001-01-01T00:00:07.743+01:00|W7|1.9|-0.20|0.29|-0.20|1.78;0001-01-01T00:00:07.743+01:00|W8|2.0|-0.79|0.04|-0.79|1.85;0001-01-01T00:00:07.743+01:00|W9|1.5|-1.35|0.01|-1.35|0.20;0001-01-01T00:00:07.743+01:00|W10|1.5|-1.15|0.02|-1.15|0.89;0001-01-01T00:00:07.743+01:00|W11|0.8|-0.20|0.08|-0.20|0.74;0001-01-01T00:00:07.743+01:00|W12|1.0|-0.96|0.12|-0.96|0.08"
100.00;3.12;0001-01-01T00:00:07.8090000+01:00;91.86;0.79;-41.95;41.8;1.522;1.158;33.579;-40.237;25.760;-15.791;95.700;-64.984;115.738;"0001-01-01T00:00:07.743+01:00|W1|1.3|-0.25|0.03|-0.25|1.18;0001-01-01T00:00:07.743+01:00|W2|0.3|0.08|0.19|0.08|0.19;0001-01-01T00:00:07.743+01:00|W3|1.1|0.37|0.08|0.37|0.94;0001-01-01T00:00:07.743+01:00|W4|1.9|-1.23|0.08|-1.23|1.47;0001-01-01T00:00:07.743+01:00|W5|1.2|-0.59|0.22|-0.59|0.89;0001-01-01T00:00:07.743+01:00|W6|1.0|-0.88|0.07|-0.88|0.31;0001-01-01T00:00:07.743+01:00|W7|1.9|-0.20|0.29|-0.20|1.78;0001-01-01T00:00:07.743+01:00|W8|2.0|-0.79|0.04|-0.79|1.85;0001-01-01T00:00:07.743+01:00|W9|1.5|-1.35|0.01|-1.35|0.20;0001-01-01T00:00:07.743+01:00|W10|1.5|-1.15|0.02|-1.15|0.89;0001-01-01T00:00:07.743+01:00|W11|0.8|-0.20|0.08|-0.20|0.74;0001-01-01T00:00:07.743+01:00|W12|1.0|-0.96|0.12|-0.96|0.08"
101.00;3.15;0001-01-01T00:00:07.8410000+01:00;92.69;0.82;-42.50;41.7;1.545;1.036;33.562;-40.141;25.657;-15.776;95.702;-65.232;115.881;"0001-01-01T00:00:07.743+01:00|W1|1.3|-0.25|0.03|-0.25|1.18;0001-01-01T00:00:07.743+01:00|W2|0.3|0.08|0.19|0.08|0.19;0001-01-01T00:00:07.743+01:00|W3|1.1|0.37|0.08|0.37|0.94;0001-01-01T00:00:07.743+01:00|W4|1.9|-1.23|0.08|-1.23|1.47;0001-01-01T00:00:07.743+01:00|W5|1.2|-0.59|0.22|-0.59|0.89;0001-01-01T00:00:07.743+01:00|W6|1.0|-0.88|0.07|-0.88|0.31;0001-01-01T00:00:07.743+01:00|W7|1.9|-0.20|0.29|-0.20|1.78;0001-01-01T00:00:07.743+01:00|W8|2.0|-0.79|0.04|-0.79|1.85;0001-01-01T00:00:07.743+01:00|W9|1.5|-1.35|0.01|-1.35|0.20;0001-01-01T00:00:07.743+01:00|W10|1.5|-1.15|0.02|-1.15|0.89;0001-01-01T00:00:07.743+01:00|W11|0.8|-0.20|0.08|-0.20|0.74;0001-01-01T00:00:07.743+01:00|W12|1.0|-0.96|0.12|-0.96|0.08"
102.00;3.18;0001-01-01T00:00:07.8720000+01:00;93.52;0.84;-43.06;41.6;1.568;0.915;33.545;-40.046;25.555;-15.760;95.705;-65.481;116.025;"0001-01-01T00:00:07.993+01:00|W1|1.3|-0.25|0.01|-0.25|1.21;0001-01-01T00:00:07.993+01:00|W2|0.3|0.01|0.17|0.01|0.18;0001-01-01T00:00:07.993+01:00|W3|1.2|0.41|0.14|0.41|1.02;0001-01-01T00:00:07.993+01:00|W4|1.9|-1.14|0.03|-1.14|1.48;0001-01-01T00:00:07.993+01:00|W5|1.3|-0.45|0.34|-0.45|1.07;0001-01-01T00:00:07.993+01:00|W6|1.1|-1.00|0.12|-1.00|0.22;0001-01-01T00:00:07.993+01:00|W7|1.7|-0.21|0.18|-0.21|1.64;0001-01-01T00:00:07.993+01:00|W8|1.9|-0.70|0.05|-0.70|1.80;0001-01-01T00:00:07.993+01:00|W9|1.5|-1.32|0.03|-1.32|0.26;0001-01-01T00:00:07.993+01:00|W10|1.5|-1.16|0.05|-1.16|0.94;0001-01-01T00:00:07.993+01:00|W11|0.8|-0.19|0.10|-0.19|0.72;0001-01-01T00:00:07.993+01:00|W12|1.0|-1.01|0.17|-1.01|0.11"
103.00;3.20;0001-01-01T00:00:07.9030000+01:00;94.36;0.87;-43.62;41.5;1.590;0.793;33.529;-39.950;25.452;-15.745;95.707;-65.730;116.169;"0001-01-01T00:00:07.993+01:00|W1|1.3|-0.25|0.01|-0.25|1.21;0001-01-01T00:00:07.993+01:00|W2|0.3|0.01|0.17|0.01|0.18;0001-01-01T00:00:07.993+01:00|W3|1.2|0.41|0.14|0.41|1.02;0001-01-01T00:00:07.993+01:00|W4|1.9|-1.14|0.03|-1.14|1.48;0001-01-01T00:00:07.993+01:00|W5|1.3|-0.45|0.34|-0.45|1.07;0001-01-01T00:00:07.993+01:00|W6|1.1|-1.00|0.12|-1.00|0.22;0001-01-01T00:00:07.993+01:00|W7|1.7|-0.21|0.18|-0.21|1.64;0001-01-01T00:00:07.993+01:00|W8|1.9|-0.70|0.05|-0.70|1.80;0001-01-01T00:00:07.993+01:00|W9|1.5|-1.32|0.03|-1.32|0.26;0001-01-01T00:00:07.993+01:00|W10|1.5|-1.16|0.05|-1.16|0.94;0001-01-01T00:00:07.993+01:00|W11|0.8|-0.19|0.10|-0.19|0.72;0001-01-01T00:00:07.993+01:00|W12|1.0|-1.01|0.17|-1.01|0.11"
104.00;3.23;0001-01-01T00:00:07.9340000+01:00;95.19;0.90;-44.18;41.4;1.613;0.672;33.512;-39.854;25.350;-15.729;95.710;-65.979;116.313;"0001-01-01T00:00:07.993+01:00|W1|1.3|-0.25|0.01|-0.25|1.21;0001-01-01T00:00:07.993+01:00|W2|0.3|0.01|0.17|0.01|0.18;0001-01-01T00:00:07.993+01:00|W3|1.2|0.41|0.14|0.41|1.02;0001-01-01T00:00:07.993+01:00|W4|1.9|-1.14|0.03|-1.14|1.48;0001-01-01T00:00:07.993+01:00|W5|1.3|-0.45|0.34|-0.45|1.07;0001-01-01T00:00:07.993+01:00|W6|1.1|-1.00|0.12|-1.00|0.22;0001-01-01T00:00:07.993+01:00|W7|1.7|-0.21|0.18|-0.21|1.64;0001-01-01T00:00:07.993+01:00|W8|1.9|-0.70|0.05|-0.70|1.80;0001-01-01T00:00:07.993+01:00|W9|1.5|-1.32|0.03|-1.32|0.26;0001-01-01T00:00:07.993+01:00|W10|1.5|-1.16|0.05|-1.16|0.94;0001-01-01T00:00:07.993+01:00|W11|0.8|-0.19|0.10|-0.19|0.72;0001-01-01T00:00:07.993+01:00|W12|1.0|-1.01|0.17|-1.01|0.11"
105.00;3.25;0001-01-01T00:00:07.9670000+01:00;96.02;0.96;-44.74;41.2;1.730;0.546;33.934;-39.755;25.385;-15.714;95.790;-66.538;116.701;"0001-01-01T00:00:07.993+01:00|W1|1.3|-0.25|0.01|-0.25|1.21;0001-01-01T00:00:07.993+01:00|W2|0.3|0.01|0.17|0.01|0.18;0001-01-01T00:00:07.993+01:00|W3|1.2|0.41|0.14|0.41|1.02;0001-01-01T00:00:07.993+01:00|W4|1.9|-1.14|0.03|-1.14|1.48;0001-01-01T00:00:07.993+01:00|W5|1.3|-0.45|0.34|-0.45|1.07;0001-01-01T00:00:07.993+01:00|W6|1.1|-1.00|0.12|-1.00|0.22;0001-01-01T00:00:07.993+01:00|W7|1.7|-0.21|0.18|-0.21|1.64;0001-01-01T00:00:07.993+01:00|W8|1.9|-0.70|0.05|-0.70|1.80;0001-01-01T00:00:07.993+01:00|W9|1.5|-1.32|0.03|-1.32|0.26;0001-01-01T00:00:07.993+01:00|W10|1.5|-1.16|0.05|-1.16|0.94;0001-01-01T00:00:07.993+01:00|W11|0.8|-0.19|0.10|-0.19|0.72;0001-01-01T00:00:07.993+01:00|W12|1.0|-1.01|0.17|-1.01|0.11"
106.00;3.27;0001-01-01T00:00:08.0000000+01:00;96.84;1.04;-45.32;41.0;1.927;0.418;34.735;-39.652;25.539;-15.701;95.922;-67.325;117.266;"0001-01-01T00:00:07.993+01:00|W1|1.3|-0.25|0.01|-0.25|1.21;0001-01-01T00:00:07.993+01:00|W2|0.3|0.01|0.17|0.01|0.18;0001-01-01T00:00:07.993+01:00|W3|1.2|0.41|0.14|0.41|1.02;0001-01-01T00:00:07.993+01:00|W4|1.9|-1.14|0.03|-1.14|1.48;0001-01-01T00:00:07.993+01:00|W5|1.3|-0.45|0.34|-0.45|1.07;0001-01-01T00:00:07.993+01:00|W6|1.1|-1.00|0.12|-1.00|0.22;0001-01-01T00:00:07.993+01:00|W7|1.7|-0.21|0.18|-0.21|1.64;0001-01-01T00:00:07.993+01:00|W8|1.9|-0.70|0.05|-0.70|1.80;0001-01-01T00:00:07.993+01:00|W9|1.5|-1.32|0.03|-1.32|0.26;0001-01-01T00:00:07.993+01:00|W10|1.5|-1.16|0.05|-1.16|0.94;0001-01-01T00:00:07.993+01:00|W11|0.8|-0.19|0.10|-0.19|0.72;0001-01-01T00:00:07.993+01:00|W12|1.0|-1.01|0.17|-1.01|0.11"
107.00;3.28;0001-01-01T00:00:08.0290000+01:00;97.66;1.04;-45.89;41.3;2.099;0.326;35.435;-39.491;25.673;-15.794;95.561;-66.768;116.655;"0001-01-01T00:00:07.993+01:00|W1|1.3|-0.25|0.01|-0.25|1.21;0001-01-01T00:00:07.993+01:00|W2|0.3|0.01|0.17|0.01|0.18;0001-01-01T00:00:07.993+01:00|W3|1.2|0.41|0.14|0.41|1.02;0001-01-01T00:00:07.993+01:00|W4|1.9|-1.14|0.03|-1.14|1.48;0001-01-01T00:00:07.993+01:00|W5|1.3|-0.45|0.34|-0.45|1.07;0001-01-01T00:00:07.993+01:00|W6|1.1|-1.00|0.12|-1.00|0.22;0001-01-01T00:00:07.993+01:00|W7|1.7|-0.21|0.18|-0.21|1.64;0001-01-01T00:00:07.993+01:00|W8|1.9|-0.70|0.05|-0.70|1.80;0001-01-01T00:00:07.993+01:00|W9|1.5|-1.32|0.03|-1.32|0.26;0001-01-01T00:00:07.993+01:00|W10|1.5|-1.16|0.05|-1.16|0.94;0001-01-01T00:00:07.993+01:00|W11|0.8|-0.19|0.10|-0.19|0.72;0001-01-01T00:00:07.993+01:00|W12|1.0|-1.01|0.17|-1.01|0.11"
108.00;3.28;0001-01-01T00:00:08.0580000+01:00;98.48;1.04;-46.46;41.4;2.212;0.231;35.963;-39.328;25.748;-15.889;95.317;-66.440;116.272;"0001-01-01T00:00:07.993+01:00|W1|1.3|-0.25|0.01|-0.25|1.21;0001-01-01T00:00:07.993+01:00|W2|0.3|0.01|0.17|0.01|0.18;0001-01-01T00:00:07.993+01:00|W3|1.2|0.41|0.14|0.41|1.02;0001-01-01T00:00:07.993+01:00|W4|1.9|-1.14|0.03|-1.14|1.48;0001-01-01T00:00:07.993+01:00|W5|1.3|-0.45|0.34|-0.45|1.07;0001-01-01T00:00:07.993+01:00|W6|1.1|-1.00|0.12|-1.00|0.22;0001-01-01T00:00:07.993+01:00|W7|1.7|-0.21|0.18|-0.21|1.64;0001-01-01T00:00:07.993+01:00|W8|1.9|-0.70|0.05|-0.70|1.80;0001-01-01T00:00:07.993+01:00|W9|1.5|-1.32|0.03|-1.32|0.26;0001-01-01T00:00:07.993+01:00|W10|1.5|-1.16|0.05|-1.16|0.94;0001-01-01T00:00:07.993+01:00|W11|0.8|-0.19|0.10|-0.19|0.72;0001-01-01T00:00:07.993+01:00|W12|1.0|-1.01|0.17|-1.01|0.11"
109.00;3.28;0001-01-01T00:00:08.0890000+01:00;99.29;1.08;-47.05;41.4;2.184;0.134;36.089;-39.159;25.685;-15.988;95.345;-66.648;116.413;"0001-01-01T00:00:07.993+01:00|W1|1.3|-0.25|0.01|-0.25|1.21;0001-01-01T00:00:07.993+01:00|W2|0.3|0.01|0.17|0.01|0.18;0001-01-01T00:00:07.993+01:00|W3|1.2|0.41|0.14|0.41|1.02;0001-01-01T00:00:07.993+01:00|W4|1.9|-1.14|0.03|-1.14|1.48;0001-01-01T00:00:07.993+01:00|W5|1.3|-0.45|0.34|-0.45|1.07;0001-01-01T00:00:07.993+01:00|W6|1.1|-1.00|0.12|-1.00|0.22;0001-01-01T00:00:07.993+01:00|W7|1.7|-0.21|0.18|-0.21|1.64;0001-01-01T00:00:07.993+01:00|W8|1.9|-0.70|0.05|-0.70|1.80;0001-01-01T00:00:07.993+01:00|W9|1.5|-1.32|0.03|-1.32|0.26;0001-01-01T00:00:07.993+01:00|W10|1.5|-1.16|0.05|-1.16|0.94;0001-01-01T00:00:07.993+01:00|W11|0.8|-0.19|0.10|-0.19|0.72;0001-01-01T00:00:07.993+01:00|W12|1.0|-1.01|0.17|-1.01|0.11"
110.00;3.27;0001-01-01T00:00:08.1190000+01:00;100.11;1.12;-47.63;41.3;2.157;0.036;36.215;-38.990;25.622;-16.087;95.373;-66.855;116.555;"0001-01-01T00:00:07.993+01:00|W1|1.3|-0.25|0.01|-0.25|1.21;0001-01-01T00:00:07.993+01:00|W2|0.3|0.01|0.17|0.01|0.18;0001-01-01T00:00:07.993+01:00|W3|1.2|0.41|0.14|0.41|1.02;0001-01-01T00:00:07.993+01:00|W4|1.9|-1.14|0.03|-1.14|1.48;0001-01-01T00:00:07.993+01:00|W5|1.3|-0.45|0.34|-0.45|1.07;0001-01-01T00:00:07.993+01:00|W6|1.1|-1.00|0.12|-1.00|0.22;0001-01-01T00:00:07.993+01:00|W7|1.7|-0.21|0.18|-0.21|1.64;0001-01-01T00:00:07.993+01:00|W8|1.9|-0.70|0.05|-0.70|1.80;0001-01-01T00:00:07.993+01:00|W9|1.5|-1.32|0.03|-1.32|0.26;0001-01-01T00:00:07.993+01:00|W10|1.5|-1.16|0.05|-1.16|0.94;0001-01-01T00:00:07.993+01:00|W11|0.8|-0.19|0.10|-0.19|0.72;0001-01-01T00:00:07.993+01:00|W12|1.0|-1.01|0.17|-1.01|0.11"
111.00;3.27;0001-01-01T00:00:08.1500000+01:00;100.92;1.16;-48.22;41.3;2.129;-0.062;36.341;-38.821;25.558;-16.186;95.401;-67.062;116.697;"0001-01-01T00:00:08.249+01:00|W1|1.3|-0.22|0.02|-0.22|1.26;0001-01-01T00:00:08.249+01:00|W2|0.3|-0.11|0.19|-0.11|0.16;0001-01-01T00:00:08.249+01:00|W3|1.2|0.39|0.18|0.39|1.11;0001-01-01T00:00:08.249+01:00|W4|1.8|-0.99|0.05|-0.99|1.48;0001-01-01T00:00:08.249+01:00|W5|1.3|-0.35|0.28|-0.35|1.05;0001-01-01T00:00:08.249+01:00|W6|1.1|-1.09|0.15|-1.09|0.21;0001-01-01T00:00:08.249+01:00|W7|1.5|-0.25|0.04|-0.25|1.41;0001-01-01T00:00:08.249+01:00|W8|1.7|-0.63|0.22|-0.63|1.62;0001-01-01T00:00:08.249+01:00|W9|1.4|-1.22|0.09|-1.22|0.51;0001-01-01T00:00:08.249+01:00|W10|1.4|-1.10|0.00|-1.10|0.92;0001-01-01T00:00:08.249+01:00|W11|0.8|-0.18|0.09|-0.18|0.72;0001-01-01T00:00:08.249+01:00|W12|1.1|-1.02|0.18|-1.02|0.10"
112.00;3.26;0001-01-01T00:00:08.1800000+01:00;101.73;1.19;-48.80;41.2;2.101;-0.160;36.468;-38.651;25.495;-16.284;95.428;-67.270;116.839;"0001-01-01T00:00:08.249+01:00|W1|1.3|-0.22|0.02|-0.22|1.26;0001-01-01T00:00:08.249+01:00|W2|0.3|-0.11|0.19|-0.11|0.16;0001-01-01T00:00:08.249+01:00|W3|1.2|0.39|0.18|0.39|1.11;0001-01-01T00:00:08.249+01:00|W4|1.8|-0.99|0.05|-0.99|1.48;0001-01-01T00:00:08.249+01:00|W5|1.3|-0.35|0.28|-0.35|1.05;0001-01-01T00:00:08.249+01:00|W6|1.1|-1.09|0.15|-1.09|0.21;0001-01-01T00:00:08.249+01:00|W7|1.5|-0.25|0.04|-0.25|1.41;0001-01-01T00:00:08.249+01:00|W8|1.7|-0.63|0.22|-0.63|1.62;0001-01-01T00:00:08.249+01:00|W9|1.4|-1.22|0.09|-1.22|0.51;0001-01-01T00:00:08.249+01:00|W10|1.4|-1.10|0.00|-1.10|0.92;0001-01-01T00:00:08.249+01:00|W11|0.8|-0.18|0.09|-0.18|0.72;0001-01-01T00:00:08.249+01:00|W12|1.1|-1.02|0.18|-1.02|0.10"
113.00;3.26;0001-01-01T00:00:08.2110000+01:00;102.55;1.23;-49.39;41.1;2.074;-0.258;36.594;-38.482;25.432;-16.383;95.456;-67.477;116.982;"0001-01-01T00:00:08.249+01:00|W1|1.3|-0.22|0.02|-0.22|1.26;0001-01-01T00:00:08.249+01:00|W2|0.3|-0.11|0.19|-0.11|0.16;0001-01-01T00:00:08.249+01:00|W3|1.2|0.39|0.18|0.39|1.11;0001-01-01T00:00:08.249+01:00|W4|1.8|-0.99|0.05|-0.99|1.48;0001-01-01T00:00:08.249+01:00|W5|1.3|-0.35|0.28|-0.35|1.05;0001-01-01T00:00:08.249+01:00|W6|1.1|-1.09|0.15|-1.09|0.21;0001-01-01T00:00:08.249+01:00|W7|1.5|-0.25|0.04|-0.25|1.41;0001-01-01T00:00:08.249+01:00|W8|1.7|-0.63|0.22|-0.63|1.62;0001-01-01T00:00:08.249+01:00|W9|1.4|-1.22|0.09|-1.22|0.51;0001-01-01T00:00:08.249+01:00|W10|1.4|-1.10|0.00|-1.10|0.92;0001-01-01T00:00:08.249+01:00|W11|0.8|-0.18|0.09|-0.18|0.72;0001-01-01T00:00:08.249+01:00|W12|1.1|-1.02|0.18|-1.02|0.10"
114.00;3.26;0001-01-01T00:00:08.2410000+01:00;103.36;1.27;-49.97;41.1;2.046;-0.355;36.720;-38.313;25.369;-16.482;95.484;-67.684;117.124;"0001-01-01T00:00:08.249+01:00|W1|1.3|-0.22|0.02|-0.22|1.26;0001-01-01T00:00:08.249+01:00|W2|0.3|-0.11|0.19|-0.11|0.16;0001-01-01T00:00:08.249+01:00|W3|1.2|0.39|0.18|0.39|1.11;0001-01-01T00:00:08.249+01:00|W4|1.8|-0.99|0.05|-0.99|1.48;0001-01-01T00:00:08.249+01:00|W5|1.3|-0.35|0.28|-0.35|1.05;0001-01-01T00:00:08.249+01:00|W6|1.1|-1.09|0.15|-1.09|0.21;0001-01-01T00:00:08.249+01:00|W7|1.5|-0.25|0.04|-0.25|1.41;0001-01-01T00:00:08.249+01:00|W8|1.7|-0.63|0.22|-0.63|1.62;0001-01-01T00:00:08.249+01:00|W9|1.4|-1.22|0.09|-1.22|0.51;0001-01-01T00:00:08.249+01:00|W10|1.4|-1.10|0.00|-1.10|0.92;0001-01-01T00:00:08.249+01:00|W11|0.8|-0.18|0.09|-0.18|0.72;0001-01-01T00:00:08.249+01:00|W12|1.1|-1.02|0.18|-1.02|0.10"
115.00;3.26;0001-01-01T00:00:08.2720000+01:00;104.18;1.30;-50.56;41.0;2.019;-0.453;36.847;-38.144;25.306;-16.581;95.511;-67.892;117.267;"0001-01-01T00:00:08.249+01:00|W1|1.3|-0.22|0.02|-0.22|1.26;0001-01-01T00:00:08.249+01:00|W2|0.3|-0.11|0.19|-0.11|0.16;0001-01-01T00:00:08.249+01:00|W3|1.2|0.39|0.18|0.39|1.11;0001-01-01T00:00:08.249+01:00|W4|1.8|-0.99|0.05|-0.99|1.48;0001-01-01T00:00:08.249+01:00|W5|1.3|-0.35|0.28|-0.35|1.05;0001-01-01T00:00:08.249+01:00|W6|1.1|-1.09|0.15|-1.09|0.21;0001-01-01T00:00:08.249+01:00|W7|1.5|-0.25|0.04|-0.25|1.41;0001-01-01T00:00:08.249+01:00|W8|1.7|-0.63|0.22|-0.63|1.62;0001-01-01T00:00:08.249+01:00|W9|1.4|-1.22|0.09|-1.22|0.51;0001-01-01T00:00:08.249+01:00|W10|1.4|-1.10|0.00|-1.10|0.92;0001-01-01T00:00:08.249+01:00|W11|0.8|-0.18|0.09|-0.18|0.72;0001-01-01T00:00:08.249+01:00|W12|1.1|-1.02|0.18|-1.02|0.10"
116.00;3.26;0001-01-01T00:00:08.3020000+01:00;104.99;1.34;-51.15;40.9;1.991;-0.551;36.973;-37.975;25.242;-16.679;95.539;-68.099;117.410;"0001-01-01T00:00:08.249+01:00|W1|1.3|-0.22|0.02|-0.22|1.26;0001-01-01T00:00:08.249+01:00|W2|0.3|-0.11|0.19|-0.11|0.16;0001-01-01T00:00:08.249+01:00|W3|1.2|0.39|0.18|0.39|1.11;0001-01-01T00:00:08.249+01:00|W4|1.8|-0.99|0.05|-0.99|1.48;0001-01-01T00:00:08.249+01:00|W5|1.3|-0.35|0.28|-0.35|1.05;0001-01-01T00:00:08.249+01:00|W6|1.1|-1.09|0.15|-1.09|0.21;0001-01-01T00:00:08.249+01:00|W7|1.5|-0.25|0.04|-0.25|1.41;0001-01-01T00:00:08.249+01:00|W8|1.7|-0.63|0.22|-0.63|1.62;0001-01-01T00:00:08.249+01:00|W9|1.4|-1.22|0.09|-1.22|0.51;0001-01-01T00:00:08.249+01:00|W10|1.4|-1.10|0.00|-1.10|0.92;0001-01-01T00:00:08.249+01:00|W11|0.8|-0.18|0.09|-0.18|0.72;0001-01-01T00:00:08.249+01:00|W12|1.1|-1.02|0.18|-1.02|0.10"
117.00;3.26;0001-01-01T00:00:08.3330000+01:00;105.80;1.38;-51.73;40.9;1.964;-0.649;37.099;-37.805;25.179;-16.778;95.567;-68.306;117.553;"0001-01-01T00:00:08.249+01:00|W1|1.3|-0.22|0.02|-0.22|1.26;0001-01-01T00:00:08.249+01:00|W2|0.3|-0.11|0.19|-0.11|0.16;0001-01-01T00:00:08.249+01:00|W3|1.2|0.39|0.18|0.39|1.11;0001-01-01T00:00:08.249+01:00|W4|1.8|-0.99|0.05|-0.99|1.48;0001-01-01T00:00:08.249+01:00|W5|1.3|-0.35|0.28|-0.35|1.05;0001-01-01T00:00:08.249+01:00|W6|1.1|-1.09|0.15|-1.09|0.21;0001-01-01T00:00:08.249+01:00|W7|1.5|-0.25|0.04|-0.25|1.41;0001-01-01T00:00:08.249+01:00|W8|1.7|-0.63|0.22|-0.63|1.62;0001-01-01T00:00:08.249+01:00|W9|1.4|-1.22|0.09|-1.22|0.51;0001-01-01T00:00:08.249+01:00|W10|1.4|-1.10|0.00|-1.10|0.92;0001-01-01T00:00:08.249+01:00|W11|0.8|-0.18|0.09|-0.18|0.72;0001-01-01T00:00:08.249+01:00|W12|1.1|-1.02|0.18|-1.02|0.10"
118.00;3.26;0001-01-01T00:00:08.3630000+01:00;106.62;1.41;-52.32;40.8;1.936;-0.746;37.225;-37.636;25.116;-16.877;95.595;-68.514;117.697;"0001-01-01T00:00:08.249+01:00|W1|1.3|-0.22|0.02|-0.22|1.26;0001-01-01T00:00:08.249+01:00|W2|0.3|-0.11|0.19|-0.11|0.16;0001-01-01T00:00:08.249+01:00|W3|1.2|0.39|0.18|0.39|1.11;0001-01-01T00:00:08.249+01:00|W4|1.8|-0.99|0.05|-0.99|1.48;0001-01-01T00:00:08.249+01:00|W5|1.3|-0.35|0.28|-0.35|1.05;0001-01-01T00:00:08.249+01:00|W6|1.1|-1.09|0.15|-1.09|0.21;0001-01-01T00:00:08.249+01:00|W7|1.5|-0.25|0.04|-0.25|1.41;0001-01-01T00:00:08.249+01:00|W8|1.7|-0.63|0.22|-0.63|1.62;0001-01-01T00:00:08.249+01:00|W9|1.4|-1.22|0.09|-1.22|0.51;0001-01-01T00:00:08.249+01:00|W10|1.4|-1.10|0.00|-1.10|0.92;0001-01-01T00:00:08.249+01:00|W11|0.8|-0.18|0.09|-0.18|0.72;0001-01-01T00:00:08.249+01:00|W12|1.1|-1.02|0.18|-1.02|0.10"
119.00;3.27;0001-01-01T00:00:08.3940000+01:00;107.43;1.45;-52.90;40.7;1.909;-0.844;37.352;-37.467;25.053;-16.975;95.622;-68.721;117.840;"0001-01-01T00:00:08.496+01:00|W1|1.3|-0.22|0.02|-0.22|1.26;0001-01-01T00:00:08.496+01:00|W2|0.3|-0.11|0.19|-0.11|0.16;0001-01-01T00:00:08.496+01:00|W3|1.2|0.39|0.18|0.39|1.11;0001-01-01T00:00:08.496+01:00|W4|1.8|-0.99|0.05|-0.99|1.48;0001-01-01T00:00:08.496+01:00|W5|1.3|-0.35|0.28|-0.35|1.05;0001-01-01T00:00:08.496+01:00|W6|1.2|-1.10|0.17|-1.10|0.36;0001-01-01T00:00:08.496+01:00|W7|1.5|-0.25|0.04|-0.25|1.41;0001-01-01T00:00:08.496+01:00|W8|1.7|-0.63|0.22|-0.63|1.62;0001-01-01T00:00:08.496+01:00|W9|1.4|-1.22|0.09|-1.22|0.51;0001-01-01T00:00:08.496+01:00|W10|1.4|-1.10|0.00|-1.10|0.92;0001-01-01T00:00:08.496+01:00|W11|0.8|-0.18|0.09|-0.18|0.72;0001-01-01T00:00:08.496+01:00|W12|1.0|-1.00|0.16|-1.00|0.07"
120.00;3.27;0001-01-01T00:00:08.4240000+01:00;108.24;1.49;-53.49;40.7;1.881;-0.942;37.478;-37.298;24.990;-17.074;95.650;-68.928;117.984;"0001-01-01T00:00:08.496+01:00|W1|1.3|-0.22|0.02|-0.22|1.26;0001-01-01T00:00:08.496+01:00|W2|0.3|-0.11|0.19|-0.11|0.16;0001-01-01T00:00:08.496+01:00|W3|1.2|0.39|0.18|0.39|1.11;0001-01-01T00:00:08.496+01:00|W4|1.8|-0.99|0.05|-0.99|1.48;0001-01-01T00:00:08.496+01:00|W5|1.3|-0.35|0.28|-0.35|1.05;0001-01-01T00:00:08.496+01:00|W6|1.2|-1.10|0.17|-1.10|0.36;0001-01-01T00:00:08.496+01:00|W7|1.5|-0.25|0.04|-0.25|1.41;0001-01-01T00:00:08.496+01:00|W8|1.7|-0.63|0.22|-0.63|1.62;0001-01-01T00:00:08.496+01:00|W9|1.4|-1.22|0.09|-1.22|0.51;0001-01-01T00:00:08.496+01:00|W10|1.4|-1.10|0.00|-1.10|0.92;0001-01-01T00:00:08.496+01:00|W11|0.8|-0.18|0.09|-0.18|0.72;0001-01-01T00:00:08.496+01:00|W12|1.0|-1.00|0.16|-1.00|0.07"
121.00;3.28;0001-01-01T00:00:08.4550000+01:00;109.06;1.53;-54.07;40.6;1.853;-1.040;37.604;-37.128;24.926;-17.173;95.678;-69.135;118.128;"0001-01-01T00:00:08.496+01:00|W1|1.3|-0.22|0.02|-0.22|1.26;0001-01-01T00:00:08.496+01:00|W2|0.3|-0.11|0.19|-0.11|0.16;0001-01-01T00:00:08.496+01:00|W3|1.2|0.39|0.18|0.39|1.11;0001-01-01T00:00:08.496+01:00|W4|1.8|-0.99|0.05|-0.99|1.48;0001-01-01T00:00:08.496+01:00|W5|1.3|-0.35|0.28|-0.35|1.05;0001-01-01T00:00:08.496+01:00|W6|1.2|-1.10|0.17|-1.10|0.36;0001-01-01T00:00:08.496+01:00|W7|1.5|-0.25|0.04|-0.25|1.41;0001-01-01T00:00:08.496+01:00|W8|1.7|-0.63|0.22|-0.63|1.62;0001-01-01T00:00:08.496+01:00|W9|1.4|-1.22|0.09|-1.22|0.51;0001-01-01T00:00:08.496+01:00|W10|1.4|-1.10|0.00|-1.10|0.92;0001-01-01T00:00:08.496+01:00|W11|0.8|-0.18|0.09|-0.18|0.72;0001-01-01T00:00:08.496+01:00|W12|1.0|-1.00|0.16|-1.00|0.07"
122.00;3.29;0001-01-01T00:00:08.4850000+01:00;109.87;1.56;-54.66;40.6;1.826;-1.138;37.731;-36.959;24.863;-17.272;95.706;-69.343;118.272;"0001-01-01T00:00:08.496+01:00|W1|1.3|-0.22|0.02|-0.22|1.26;0001-01-01T00:00:08.496+01:00|W2|0.3|-0.11|0.19|-0.11|0.16;0001-01-01T00:00:08.496+01:00|W3|1.2|0.39|0.18|0.39|1.11;0001-01-01T00:00:08.496+01:00|W4|1.8|-0.99|0.05|-0.99|1.48;0001-01-01T00:00:08.496+01:00|W5|1.3|-0.35|0.28|-0.35|1.05;0001-01-01T00:00:08.496+01:00|W6|1.2|-1.10|0.17|-1.10|0.36;0001-01-01T00:00:08.496+01:00|W7|1.5|-0.25|0.04|-0.25|1.41;0001-01-01T00:00:08.496+01:00|W8|1.7|-0.63|0.22|-0.63|1.62;0001-01-01T00:00:08.496+01:00|W9|1.4|-1.22|0.09|-1.22|0.51;0001-01-01T00:00:08.496+01:00|W10|1.4|-1.10|0.00|-1.10|0.92;0001-01-01T00:00:08.496+01:00|W11|0.8|-0.18|0.09|-0.18|0.72;0001-01-01T00:00:08.496+01:00|W12|1.0|-1.00|0.16|-1.00|0.07"
123.00;3.29;0001-01-01T00:00:08.5160000+01:00;110.68;1.60;-55.24;40.5;1.798;-1.235;37.857;-36.790;24.800;-17.370;95.733;-69.550;118.417;"0001-01-01T00:00:08.496+01:00|W1|1.3|-0.22|0.02|-0.22|1.26;0001-01-01T00:00:08.496+01:00|W2|0.3|-0.11|0.19|-0.11|0.16;0001-01-01T00:00:08.496+01:00|W3|1.2|0.39|0.18|0.39|1.11;0001-01-01T00:00:08.496+01:00|W4|1.8|-0.99|0.05|-0.99|1.48;0001-01-01T00:00:08.496+01:00|W5|1.3|-0.35|0.28|-0.35|1.05;0001-01-01T00:00:08.496+01:00|W6|1.2|-1.10|0.17|-1.10|0.36;0001-01-01T00:00:08.496+01:00|W7|1.5|-0.25|0.04|-0.25|1.41;0001-01-01T00:00:08.496+01:00|W8|1.7|-0.63|0.22|-0.63|1.62;0001-01-01T00:00:08.496+01:00|W9|1.4|-1.22|0.09|-1.22|0.51;0001-01-01T00:00:08.496+01:00|W10|1.4|-1.10|0.00|-1.10|0.92;0001-01-01T00:00:08.496+01:00|W11|0.8|-0.18|0.09|-0.18|0.72;0001-01-01T00:00:08.496+01:00|W12|1.0|-1.00|0.16|-1.00|0.07"
124.00;3.30;0001-01-01T00:00:08.5460000+01:00;111.50;1.64;-55.83;40.4;1.771;-1.333;37.983;-36.621;24.737;-17.469;95.761;-69.758;118.561;"0001-01-01T00:00:08.496+01:00|W1|1.3|-0.22|0.02|-0.22|1.26;0001-01-01T00:00:08.496+01:00|W2|0.3|-0.11|0.19|-0.11|0.16;0001-01-01T00:00:08.496+01:00|W3|1.2|0.39|0.18|0.39|1.11;0001-01-01T00:00:08.496+01:00|W4|1.8|-0.99|0.05|-0.99|1.48;0001-01-01T00:00:08.496+01:00|W5|1.3|-0.35|0.28|-0.35|1.05;0001-01-01T00:00:08.496+01:00|W6|1.2|-1.10|0.17|-1.10|0.36;0001-01-01T00:00:08.496+01:00|W7|1.5|-0.25|0.04|-0.25|1.41;0001-01-01T00:00:08.496+01:00|W8|1.7|-0.63|0.22|-0.63|1.62;0001-01-01T00:00:08.496+01:00|W9|1.4|-1.22|0.09|-1.22|0.51;0001-01-01T00:00:08.496+01:00|W10|1.4|-1.10|0.00|-1.10|0.92;0001-01-01T00:00:08.496+01:00|W11|0.8|-0.18|0.09|-0.18|0.72;0001-01-01T00:00:08.496+01:00|W12|1.0|-1.00|0.16|-1.00|0.07"
125.00;3.31;0001-01-01T00:00:08.5770000+01:00;112.31;1.67;-56.41;40.4;1.743;-1.431;38.110;-36.452;24.674;-17.568;95.789;-69.965;118.706;"0001-01-01T00:00:08.496+01:00|W1|1.3|-0.22|0.02|-0.22|1.26;0001-01-01T00:00:08.496+01:00|W2|0.3|-0.11|0.19|-0.11|0.16;0001-01-01T00:00:08.496+01:00|W3|1.2|0.39|0.18|0.39|1.11;0001-01-01T00:00:08.496+01:00|W4|1.8|-0.99|0.05|-0.99|1.48;0001-01-01T00:00:08.496+01:00|W5|1.3|-0.35|0.28|-0.35|1.05;0001-01-01T00:00:08.496+01:00|W6|1.2|-1.10|0.17|-1.10|0.36;0001-01-01T00:00:08.496+01:00|W7|1.5|-0.25|0.04|-0.25|1.41;0001-01-01T00:00:08.496+01:00|W8|1.7|-0.63|0.22|-0.63|1.62;0001-01-01T00:00:08.496+01:00|W9|1.4|-1.22|0.09|-1.22|0.51;0001-01-01T00:00:08.496+01:00|W10|1.4|-1.10|0.00|-1.10|0.92;0001-01-01T00:00:08.496+01:00|W11|0.8|-0.18|0.09|-0.18|0.72;0001-01-01T00:00:08.496+01:00|W12|1.0|-1.00|0.16|-1.00|0.07"
126.00;3.32;0001-01-01T00:00:08.6070000+01:00;113.12;1.71;-57.00;40.3;1.716;-1.529;38.236;-36.282;24.611;-17.667;95.817;-70.172;118.851;"0001-01-01T00:00:08.496+01:00|W1|1.3|-0.22|0.02|-0.22|1.26;0001-01-01T00:00:08.496+01:00|W2|0.3|-0.11|0.19|-0.11|0.16;0001-01-01T00:00:08.496+01:00|W3|1.2|0.39|0.18|0.39|1.11;0001-01-01T00:00:08.496+01:00|W4|1.8|-0.99|0.05|-0.99|1.48;0001-01-01T00:00:08.496+01:00|W5|1.3|-0.35|0.28|-0.35|1.05;0001-01-01T00:00:08.496+01:00|W6|1.2|-1.10|0.17|-1.10|0.36;0001-01-01T00:00:08.496+01:00|W7|1.5|-0.25|0.04|-0.25|1.41;0001-01-01T00:00:08.496+01:00|W8|1.7|-0.63|0.22|-0.63|1.62;0001-01-01T00:00:08.496+01:00|W9|1.4|-1.22|0.09|-1.22|0.51;0001-01-01T00:00:08.496+01:00|W10|1.4|-1.10|0.00|-1.10|0.92;0001-01-01T00:00:08.496+01:00|W11|0.8|-0.18|0.09|-0.18|0.72;0001-01-01T00:00:08.496+01:00|W12|1.0|-1.00|0.16|-1.00|0.07"
127.00;3.33;0001-01-01T00:00:08.6380000+01:00;113.94;1.75;-57.58;40.2;1.688;-1.626;38.362;-36.113;24.547;-17.766;95.844;-70.380;118.996;"0001-01-01T00:00:08.746+01:00|W1|1.3|-0.22|0.00|-0.22|1.24;0001-01-01T00:00:08.746+01:00|W2|0.2|-0.12|0.18|-0.12|0.18;0001-01-01T00:00:08.746+01:00|W3|1.2|0.35|0.10|0.35|1.06;0001-01-01T00:00:08.746+01:00|W4|1.7|-0.87|0.13|-0.87|1.45;0001-01-01T00:00:08.746+01:00|W5|1.4|-0.37|0.34|-0.37|1.22;0001-01-01T00:00:08.746+01:00|W6|1.1|-1.05|0.14|-1.05|0.47;0001-01-01T00:00:08.746+01:00|W7|1.2|-0.27|0.31|-0.27|1.15;0001-01-01T00:00:08.746+01:00|W8|1.7|-0.64|0.21|-0.64|1.61;0001-01-01T00:00:08.746+01:00|W9|1.4|-1.14|0.13|-1.14|0.59;0001-01-01T00:00:08.746+01:00|W10|1.4|-1.07|0.05|-1.07|0.88;0001-01-01T00:00:08.746+01:00|W11|0.7|-0.17|0.09|-0.17|0.70;0001-01-01T00:00:08.746+01:00|W12|1.0|-0.98|0.14|-0.98|0.06"
128.00;3.35;0001-01-01T00:00:08.6680000+01:00;114.75;1.79;-58.17;40.2;1.660;-1.724;38.488;-35.944;24.484;-17.864;95.872;-70.587;119.142;"0001-01-01T00:00:08.746+01:00|W1|1.3|-0.22|0.00|-0.22|1.24;0001-01-01T00:00:08.746+01:00|W2|0.2|-0.12|0.18|-0.12|0.18;0001-01-01T00:00:08.746+01:00|W3|1.2|0.35|0.10|0.35|1.06;0001-01-01T00:00:08.746+01:00|W4|1.7|-0.87|0.13|-0.87|1.45;0001-01-01T00:00:08.746+01:00|W5|1.4|-0.37|0.34|-0.37|1.22;0001-01-01T00:00:08.746+01:00|W6|1.1|-1.05|0.14|-1.05|0.47;0001-01-01T00:00:08.746+01:00|W7|1.2|-0.27|0.31|-0.27|1.15;0001-01-01T00:00:08.746+01:00|W8|1.7|-0.64|0.21|-0.64|1.61;0001-01-01T00:00:08.746+01:00|W9|1.4|-1.14|0.13|-1.14|0.59;0001-01-01T00:00:08.746+01:00|W10|1.4|-1.07|0.05|-1.07|0.88;0001-01-01T00:00:08.746+01:00|W11|0.7|-0.17|0.09|-0.17|0.70;0001-01-01T00:00:08.746+01:00|W12|1.0|-0.98|0.14|-0.98|0.06"
129.00;3.36;0001-01-01T00:00:08.6990000+01:00;115.57;1.82;-58.75;40.1;1.633;-1.822;38.615;-35.775;24.421;-17.963;95.900;-70.794;119.287;"0001-01-01T00:00:08.746+01:00|W1|1.3|-0.22|0.00|-0.22|1.24;0001-01-01T00:00:08.746+01:00|W2|0.2|-0.12|0.18|-0.12|0.18;0001-01-01T00:00:08.746+01:00|W3|1.2|0.35|0.10|0.35|1.06;0001-01-01T00:00:08.746+01:00|W4|1.7|-0.87|0.13|-0.87|1.45;0001-01-01T00:00:08.746+01:00|W5|1.4|-0.37|0.34|-0.37|1.22;0001-01-01T00:00:08.746+01:00|W6|1.1|-1.05|0.14|-1.05|0.47;0001-01-01T00:00:08.746+01:00|W7|1.2|-0.27|0.31|-0.27|1.15;0001-01-01T00:00:08.746+01:00|W8|1.7|-0.64|0.21|-0.64|1.61;0001-01-01T00:00:08.746+01:00|W9|1.4|-1.14|0.13|-1.14|0.59;0001-01-01T00:00:08.746+01:00|W10|1.4|-1.07|0.05|-1.07|0.88;0001-01-01T00:00:08.746+01:00|W11|0.7|-0.17|0.09|-0.17|0.70;0001-01-01T00:00:08.746+01:00|W12|1.0|-0.98|0.14|-0.98|0.06"
130.00;3.26;0001-01-01T00:00:08.7320000+01:00;116.32;1.93;-59.41;41.7;1.297;-1.928;38.496;-35.592;24.464;-18.070;96.069;-71.598;119.901;"0001-01-01T00:00:08.746+01:00|W1|1.3|-0.22|0.00|-0.22|1.24;0001-01-01T00:00:08.746+01:00|W2|0.2|-0.12|0.18|-0.12|0.18;0001-01-01T00:00:08.746+01:00|W3|1.2|0.35|0.10|0.35|1.06;0001-01-01T00:00:08.746+01:00|W4|1.7|-0.87|0.13|-0.87|1.45;0001-01-01T00:00:08.746+01:00|W5|1.4|-0.37|0.34|-0.37|1.22;0001-01-01T00:00:08.746+01:00|W6|1.1|-1.05|0.14|-1.05|0.47;0001-01-01T00:00:08.746+01:00|W7|1.2|-0.27|0.31|-0.27|1.15;0001-01-01T00:00:08.746+01:00|W8|1.7|-0.64|0.21|-0.64|1.61;0001-01-01T00:00:08.746+01:00|W9|1.4|-1.14|0.13|-1.14|0.59;0001-01-01T00:00:08.746+01:00|W10|1.4|-1.07|0.05|-1.07|0.88;0001-01-01T00:00:08.746+01:00|W11|0.7|-0.17|0.09|-0.17|0.70;0001-01-01T00:00:08.746+01:00|W12|1.0|-0.98|0.14|-0.98|0.06"
131.00;3.25;0001-01-01T00:00:08.7620000+01:00;117.12;1.97;-60.02;42.6;0.983;-2.011;38.383;-35.323;24.504;-18.174;96.079;-71.746;119.994;"0001-01-01T00:00:08.746+01:00|W1|1.3|-0.22|0.00|-0.22|1.24;0001-01-01T00:00:08.746+01:00|W2|0.2|-0.12|0.18|-0.12|0.18;0001-01-01T00:00:08.746+01:00|W3|1.2|0.35|0.10|0.35|1.06;0001-01-01T00:00:08.746+01:00|W4|1.7|-0.87|0.13|-0.87|1.45;0001-01-01T00:00:08.746+01:00|W5|1.4|-0.37|0.34|-0.37|1.22;0001-01-01T00:00:08.746+01:00|W6|1.1|-1.05|0.14|-1.05|0.47;0001-01-01T00:00:08.746+01:00|W7|1.2|-0.27|0.31|-0.27|1.15;0001-01-01T00:00:08.746+01:00|W8|1.7|-0.64|0.21|-0.64|1.61;0001-01-01T00:00:08.746+01:00|W9|1.4|-1.14|0.13|-1.14|0.59;0001-01-01T00:00:08.746+01:00|W10|1.4|-1.07|0.05|-1.07|0.88;0001-01-01T00:00:08.746+01:00|W11|0.7|-0.17|0.09|-0.17|0.70;0001-01-01T00:00:08.746+01:00|W12|1.0|-0.98|0.14|-0.98|0.06"
132.00;3.33;0001-01-01T00:00:08.7900000+01:00;117.97;1.94;-60.56;42.7;0.697;-2.070;38.280;-34.960;24.541;-18.276;95.912;-71.159;119.501;"0001-01-01T00:00:08.746+01:00|W1|1.3|-0.22|0.00|-0.22|1.24;0001-01-01T00:00:08.746+01:00|W2|0.2|-0.12|0.18|-0.12|0.18;0001-01-01T00:00:08.746+01:00|W3|1.2|0.35|0.10|0.35|1.06;0001-01-01T00:00:08.746+01:00|W4|1.7|-0.87|0.13|-0.87|1.45;0001-01-01T00:00:08.746+01:00|W5|1.4|-0.37|0.34|-0.37|1.22;0001-01-01T00:00:08.746+01:00|W6|1.1|-1.05|0.14|-1.05|0.47;0001-01-01T00:00:08.746+01:00|W7|1.2|-0.27|0.31|-0.27|1.15;0001-01-01T00:00:08.746+01:00|W8|1.7|-0.64|0.21|-0.64|1.61;0001-01-01T00:00:08.746+01:00|W9|1.4|-1.14|0.13|-1.14|0.59;0001-01-01T00:00:08.746+01:00|W10|1.4|-1.07|0.05|-1.07|0.88;0001-01-01T00:00:08.746+01:00|W11|0.7|-0.17|0.09|-0.17|0.70;0001-01-01T00:00:08.746+01:00|W12|1.0|-0.98|0.14|-0.98|0.06"
133.00;3.32;0001-01-01T00:00:08.8200000+01:00;118.77;1.99;-61.16;42.7;0.498;-2.133;38.342;-34.567;24.417;-18.387;95.959;-71.388;119.676;"0001-01-01T00:00:08.746+01:00|W1|1.3|-0.22|0.00|-0.22|1.24;0001-01-01T00:00:08.746+01:00|W2|0.2|-0.12|0.18|-0.12|0.18;0001-01-01T00:00:08.746+01:00|W3|1.2|0.35|0.10|0.35|1.06;0001-01-01T00:00:08.746+01:00|W4|1.7|-0.87|0.13|-0.87|1.45;0001-01-01T00:00:08.746+01:00|W5|1.4|-0.37|0.34|-0.37|1.22;0001-01-01T00:00:08.746+01:00|W6|1.1|-1.05|0.14|-1.05|0.47;0001-01-01T00:00:08.746+01:00|W7|1.2|-0.27|0.31|-0.27|1.15;0001-01-01T00:00:08.746+01:00|W8|1.7|-0.64|0.21|-0.64|1.61;0001-01-01T00:00:08.746+01:00|W9|1.4|-1.14|0.13|-1.14|0.59;0001-01-01T00:00:08.746+01:00|W10|1.4|-1.07|0.05|-1.07|0.88;0001-01-01T00:00:08.746+01:00|W11|0.7|-0.17|0.09|-0.17|0.70;0001-01-01T00:00:08.746+01:00|W12|1.0|-0.98|0.14|-0.98|0.06"
134.00;3.27;0001-01-01T00:00:08.8520000+01:00;119.55;2.06;-61.80;42.7;0.356;-2.182;38.463;-34.208;24.217;-18.490;96.098;-71.954;120.129;"0001-01-01T00:00:08.746+01:00|W1|1.3|-0.22|0.00|-0.22|1.24;0001-01-01T00:00:08.746+01:00|W2|0.2|-0.12|0.18|-0.12|0.18;0001-01-01T00:00:08.746+01:00|W3|1.2|0.35|0.10|0.35|1.06;0001-01-01T00:00:08.746+01:00|W4|1.7|-0.87|0.13|-0.87|1.45;0001-01-01T00:00:08.746+01:00|W5|1.4|-0.37|0.34|-0.37|1.22;0001-01-01T00:00:08.746+01:00|W6|1.1|-1.05|0.14|-1.05|0.47;0001-01-01T00:00:08.746+01:00|W7|1.2|-0.27|0.31|-0.27|1.15;0001-01-01T00:00:08.746+01:00|W8|1.7|-0.64|0.21|-0.64|1.61;0001-01-01T00:00:08.746+01:00|W9|1.4|-1.14|0.13|-1.14|0.59;0001-01-01T00:00:08.746+01:00|W10|1.4|-1.07|0.05|-1.07|0.88;0001-01-01T00:00:08.746+01:00|W11|0.7|-0.17|0.09|-0.17|0.70;0001-01-01T00:00:08.746+01:00|W12|1.0|-0.98|0.14|-0.98|0.06"
135.00;3.26;0001-01-01T00:00:08.8820000+01:00;120.35;2.09;-62.40;42.5;0.377;-2.054;38.406;-34.367;24.012;-18.468;96.131;-72.063;120.222;"0001-01-01T00:00:08.997+01:00|W1|1.2|-0.24|0.09|-0.24|1.15;0001-01-01T00:00:08.997+01:00|W2|0.3|-0.15|0.14|-0.15|0.21;0001-01-01T00:00:08.997+01:00|W3|1.0|0.28|0.06|0.28|0.88;0001-01-01T00:00:08.997+01:00|W4|1.5|-0.74|0.28|-0.74|1.33;0001-01-01T00:00:08.997+01:00|W5|1.2|-0.22|0.11|-0.22|1.07;0001-01-01T00:00:08.997+01:00|W6|1.1|-0.99|0.13|-0.99|0.57;0001-01-01T00:00:08.997+01:00|W7|1.2|-0.27|0.32|-0.27|1.14;0001-01-01T00:00:08.997+01:00|W8|1.8|-0.60|0.14|-0.60|1.64;0001-01-01T00:00:08.997+01:00|W9|1.4|-1.10|0.08|-1.10|0.77;0001-01-01T00:00:08.997+01:00|W10|1.4|-1.13|0.06|-1.13|0.76;0001-01-01T00:00:08.997+01:00|W11|0.7|-0.16|0.11|-0.16|0.66;0001-01-01T00:00:08.997+01:00|W12|1.0|-0.97|0.12|-0.97|0.06"
136.00;3.26;0001-01-01T00:00:08.9120000+01:00;121.15;2.13;-63.00;42.4;0.520;-1.919;38.297;-34.469;23.890;-18.489;96.157;-72.215;120.333;"0001-01-01T00:00:08.997+01:00|W1|1.2|-0.24|0.09|-0.24|1.15;0001-01-01T00:00:08.997+01:00|W2|0.3|-0.15|0.14|-0.15|0.21;0001-01-01T00:00:08.997+01:00|W3|1.0|0.28|0.06|0.28|0.88;0001-01-01T00:00:08.997+01:00|W4|1.5|-0.74|0.28|-0.74|1.33;0001-01-01T00:00:08.997+01:00|W5|1.2|-0.22|0.11|-0.22|1.07;0001-01-01T00:00:08.997+01:00|W6|1.1|-0.99|0.13|-0.99|0.57;0001-01-01T00:00:08.997+01:00|W7|1.2|-0.27|0.32|-0.27|1.14;0001-01-01T00:00:08.997+01:00|W8|1.8|-0.60|0.14|-0.60|1.64;0001-01-01T00:00:08.997+01:00|W9|1.4|-1.10|0.08|-1.10|0.77;0001-01-01T00:00:08.997+01:00|W10|1.4|-1.13|0.06|-1.13|0.76;0001-01-01T00:00:08.997+01:00|W11|0.7|-0.16|0.11|-0.16|0.66;0001-01-01T00:00:08.997+01:00|W12|1.0|-0.97|0.12|-0.97|0.06"
137.00;3.25;0001-01-01T00:00:08.9420000+01:00;121.95;2.16;-63.60;42.5;0.829;-1.773;38.118;-34.495;23.882;-18.570;96.172;-72.424;120.469;"0001-01-01T00:00:08.997+01:00|W1|1.2|-0.24|0.09|-0.24|1.15;0001-01-01T00:00:08.997+01:00|W2|0.3|-0.15|0.14|-0.15|0.21;0001-01-01T00:00:08.997+01:00|W3|1.0|0.28|0.06|0.28|0.88;0001-01-01T00:00:08.997+01:00|W4|1.5|-0.74|0.28|-0.74|1.33;0001-01-01T00:00:08.997+01:00|W5|1.2|-0.22|0.11|-0.22|1.07;0001-01-01T00:00:08.997+01:00|W6|1.1|-0.99|0.13|-0.99|0.57;0001-01-01T00:00:08.997+01:00|W7|1.2|-0.27|0.32|-0.27|1.14;0001-01-01T00:00:08.997+01:00|W8|1.8|-0.60|0.14|-0.60|1.64;0001-01-01T00:00:08.997+01:00|W9|1.4|-1.10|0.08|-1.10|0.77;0001-01-01T00:00:08.997+01:00|W10|1.4|-1.13|0.06|-1.13|0.76;0001-01-01T00:00:08.997+01:00|W11|0.7|-0.16|0.11|-0.16|0.66;0001-01-01T00:00:08.997+01:00|W12|1.0|-0.97|0.12|-0.97|0.06"
138.00;3.25;0001-01-01T00:00:08.9720000+01:00;122.75;2.20;-64.20;42.5;1.135;-1.683;37.940;-34.579;23.875;-18.658;96.212;-72.504;120.551;"0001-01-01T00:00:08.997+01:00|W1|1.2|-0.24|0.09|-0.24|1.15;0001-01-01T00:00:08.997+01:00|W2|0.3|-0.15|0.14|-0.15|0.21;0001-01-01T00:00:08.997+01:00|W3|1.0|0.28|0.06|0.28|0.88;0001-01-01T00:00:08.997+01:00|W4|1.5|-0.74|0.28|-0.74|1.33;0001-01-01T00:00:08.997+01:00|W5|1.2|-0.22|0.11|-0.22|1.07;0001-01-01T00:00:08.997+01:00|W6|1.1|-0.99|0.13|-0.99|0.57;0001-01-01T00:00:08.997+01:00|W7|1.2|-0.27|0.32|-0.27|1.14;0001-01-01T00:00:08.997+01:00|W8|1.8|-0.60|0.14|-0.60|1.64;0001-01-01T00:00:08.997+01:00|W9|1.4|-1.10|0.08|-1.10|0.77;0001-01-01T00:00:08.997+01:00|W10|1.4|-1.13|0.06|-1.13|0.76;0001-01-01T00:00:08.997+01:00|W11|0.7|-0.16|0.11|-0.16|0.66;0001-01-01T00:00:08.997+01:00|W12|1.0|-0.97|0.12|-0.97|0.06"
139.00;3.26;0001-01-01T00:00:09.0010000+01:00;123.56;2.24;-64.80;42.5;1.441;-1.609;37.763;-34.681;23.868;-18.748;96.261;-72.543;120.617;"0001-01-01T00:00:08.997+01:00|W1|1.2|-0.24|0.09|-0.24|1.15;0001-01-01T00:00:08.997+01:00|W2|0.3|-0.15|0.14|-0.15|0.21;0001-01-01T00:00:08.997+01:00|W3|1.0|0.28|0.06|0.28|0.88;0001-01-01T00:00:08.997+01:00|W4|1.5|-0.74|0.28|-0.74|1.33;0001-01-01T00:00:08.997+01:00|W5|1.2|-0.22|0.11|-0.22|1.07;0001-01-01T00:00:08.997+01:00|W6|1.1|-0.99|0.13|-0.99|0.57;0001-01-01T00:00:08.997+01:00|W7|1.2|-0.27|0.32|-0.27|1.14;0001-01-01T00:00:08.997+01:00|W8|1.8|-0.60|0.14|-0.60|1.64;0001-01-01T00:00:08.997+01:00|W9|1.4|-1.10|0.08|-1.10|0.77;0001-01-01T00:00:08.997+01:00|W10|1.4|-1.13|0.06|-1.13|0.76;0001-01-01T00:00:08.997+01:00|W11|0.7|-0.16|0.11|-0.16|0.66;0001-01-01T00:00:08.997+01:00|W12|1.0|-0.97|0.12|-0.97|0.06"
140.00;3.26;0001-01-01T00:00:09.0310000+01:00;124.36;2.28;-65.40;42.5;1.747;-1.536;37.585;-34.783;23.860;-18.838;96.310;-72.582;120.683;"0001-01-01T00:00:08.997+01:00|W1|1.2|-0.24|0.09|-0.24|1.15;0001-01-01T00:00:08.997+01:00|W2|0.3|-0.15|0.14|-0.15|0.21;0001-01-01T00:00:08.997+01:00|W3|1.0|0.28|0.06|0.28|0.88;0001-01-01T00:00:08.997+01:00|W4|1.5|-0.74|0.28|-0.74|1.33;0001-01-01T00:00:08.997+01:00|W5|1.2|-0.22|0.11|-0.22|1.07;0001-01-01T00:00:08.997+01:00|W6|1.1|-0.99|0.13|-0.99|0.57;0001-01-01T00:00:08.997+01:00|W7|1.2|-0.27|0.32|-0.27|1.14;0001-01-01T00:00:08.997+01:00|W8|1.8|-0.60|0.14|-0.60|1.64;0001-01-01T00:00:08.997+01:00|W9|1.4|-1.10|0.08|-1.10|0.77;0001-01-01T00:00:08.997+01:00|W10|1.4|-1.13|0.06|-1.13|0.76;0001-01-01T00:00:08.997+01:00|W11|0.7|-0.16|0.11|-0.16|0.66;0001-01-01T00:00:08.997+01:00|W12|1.0|-0.97|0.12|-0.97|0.06"
141.00;3.26;0001-01-01T00:00:09.0610000+01:00;125.16;2.32;-66.01;42.6;1.967;-1.462;37.345;-34.885;23.937;-18.928;96.326;-72.657;120.740;"0001-01-01T00:00:08.997+01:00|W1|1.2|-0.24|0.09|-0.24|1.15;0001-01-01T00:00:08.997+01:00|W2|0.3|-0.15|0.14|-0.15|0.21;0001-01-01T00:00:08.997+01:00|W3|1.0|0.28|0.06|0.28|0.88;0001-01-01T00:00:08.997+01:00|W4|1.5|-0.74|0.28|-0.74|1.33;0001-01-01T00:00:08.997+01:00|W5|1.2|-0.22|0.11|-0.22|1.07;0001-01-01T00:00:08.997+01:00|W6|1.1|-0.99|0.13|-0.99|0.57;0001-01-01T00:00:08.997+01:00|W7|1.2|-0.27|0.32|-0.27|1.14;0001-01-01T00:00:08.997+01:00|W8|1.8|-0.60|0.14|-0.60|1.64;0001-01-01T00:00:08.997+01:00|W9|1.4|-1.10|0.08|-1.10|0.77;0001-01-01T00:00:08.997+01:00|W10|1.4|-1.13|0.06|-1.13|0.76;0001-01-01T00:00:08.997+01:00|W11|0.7|-0.16|0.11|-0.16|0.66;0001-01-01T00:00:08.997+01:00|W12|1.0|-0.97|0.12|-0.97|0.06"
142.00;3.24;0001-01-01T00:00:09.0910000+01:00;125.95;2.35;-66.62;43.1;2.059;-1.388;37.009;-34.989;24.141;-19.018;96.293;-72.785;120.785;"0001-01-01T00:00:08.997+01:00|W1|1.2|-0.24|0.09|-0.24|1.15;0001-01-01T00:00:08.997+01:00|W2|0.3|-0.15|0.14|-0.15|0.21;0001-01-01T00:00:08.997+01:00|W3|1.0|0.28|0.06|0.28|0.88;0001-01-01T00:00:08.997+01:00|W4|1.5|-0.74|0.28|-0.74|1.33;0001-01-01T00:00:08.997+01:00|W5|1.2|-0.22|0.11|-0.22|1.07;0001-01-01T00:00:08.997+01:00|W6|1.1|-0.99|0.13|-0.99|0.57;0001-01-01T00:00:08.997+01:00|W7|1.2|-0.27|0.32|-0.27|1.14;0001-01-01T00:00:08.997+01:00|W8|1.8|-0.60|0.14|-0.60|1.64;0001-01-01T00:00:08.997+01:00|W9|1.4|-1.10|0.08|-1.10|0.77;0001-01-01T00:00:08.997+01:00|W10|1.4|-1.13|0.06|-1.13|0.76;0001-01-01T00:00:08.997+01:00|W11|0.7|-0.16|0.11|-0.16|0.66;0001-01-01T00:00:08.997+01:00|W12|1.0|-0.97|0.12|-0.97|0.06"
143.00;3.24;0001-01-01T00:00:09.1210000+01:00;126.75;2.38;-67.23;43.3;2.083;-1.419;36.832;-34.933;24.267;-19.080;96.259;-72.714;120.713;"0001-01-01T00:00:08.997+01:00|W1|1.2|-0.24|0.09|-0.24|1.15;0001-01-01T00:00:08.997+01:00|W2|0.3|-0.15|0.14|-0.15|0.21;0001-01-01T00:00:08.997+01:00|W3|1.0|0.28|0.06|0.28|0.88;0001-01-01T00:00:08.997+01:00|W4|1.5|-0.74|0.28|-0.74|1.33;0001-01-01T00:00:08.997+01:00|W5|1.2|-0.22|0.11|-0.22|1.07;0001-01-01T00:00:08.997+01:00|W6|1.1|-0.99|0.13|-0.99|0.57;0001-01-01T00:00:08.997+01:00|W7|1.2|-0.27|0.32|-0.27|1.14;0001-01-01T00:00:08.997+01:00|W8|1.8|-0.60|0.14|-0.60|1.64;0001-01-01T00:00:08.997+01:00|W9|1.4|-1.10|0.08|-1.10|0.77;0001-01-01T00:00:08.997+01:00|W10|1.4|-1.13|0.06|-1.13|0.76;0001-01-01T00:00:08.997+01:00|W11|0.7|-0.16|0.11|-0.16|0.66;0001-01-01T00:00:08.997+01:00|W12|1.0|-0.97|0.12|-0.97|0.06"
144.00;3.23;0001-01-01T00:00:09.1510000+01:00;127.55;2.41;-67.83;43.4;2.081;-1.487;36.742;-34.821;24.350;-19.131;96.224;-72.575;120.600;"0001-01-01T00:00:09.247+01:00|W1|1.0|-0.41|0.24|-0.41|0.91;0001-01-01T00:00:09.247+01:00|W2|0.4|-0.27|0.02|-0.27|0.25;0001-01-01T00:00:09.247+01:00|W3|1.0|0.28|0.07|0.28|0.86;0001-01-01T00:00:09.247+01:00|W4|1.4|-0.70|0.37|-0.70|1.24;0001-01-01T00:00:09.247+01:00|W5|1.3|-0.19|0.23|-0.19|1.24;0001-01-01T00:00:09.247+01:00|W6|1.1|-0.88|0.08|-0.88|0.69;0001-01-01T00:00:09.247+01:00|W7|1.2|-0.24|0.27|-0.24|1.18;0001-01-01T00:00:09.247+01:00|W8|1.8|-0.52|0.13|-0.52|1.68;0001-01-01T00:00:09.247+01:00|W9|1.4|-1.13|0.05|-1.13|0.77;0001-01-01T00:00:09.247+01:00|W10|1.4|-1.22|0.02|-1.22|0.77;0001-01-01T00:00:09.247+01:00|W11|0.7|-0.14|0.13|-0.14|0.64;0001-01-01T00:00:09.247+01:00|W12|1.0|-0.94|0.09|-0.94|0.13"
145.00;3.25;0001-01-01T00:00:09.1810000+01:00;128.35;2.45;-68.43;43.3;2.073;-1.555;37.055;-34.708;24.229;-19.182;96.190;-72.477;120.509;"0001-01-01T00:00:09.247+01:00|W1|1.0|-0.41|0.24|-0.41|0.91;0001-01-01T00:00:09.247+01:00|W2|0.4|-0.27|0.02|-0.27|0.25;0001-01-01T00:00:09.247+01:00|W3|1.0|0.28|0.07|0.28|0.86;0001-01-01T00:00:09.247+01:00|W4|1.4|-0.70|0.37|-0.70|1.24;0001-01-01T00:00:09.247+01:00|W5|1.3|-0.19|0.23|-0.19|1.24;0001-01-01T00:00:09.247+01:00|W6|1.1|-0.88|0.08|-0.88|0.69;0001-01-01T00:00:09.247+01:00|W7|1.2|-0.24|0.27|-0.24|1.18;0001-01-01T00:00:09.247+01:00|W8|1.8|-0.52|0.13|-0.52|1.68;0001-01-01T00:00:09.247+01:00|W9|1.4|-1.13|0.05|-1.13|0.77;0001-01-01T00:00:09.247+01:00|W10|1.4|-1.22|0.02|-1.22|0.77;0001-01-01T00:00:09.247+01:00|W11|0.7|-0.14|0.13|-0.14|0.64;0001-01-01T00:00:09.247+01:00|W12|1.0|-0.94|0.09|-0.94|0.13"
146.00;3.25;0001-01-01T00:00:09.2110000+01:00;129.16;2.49;-69.03;43.1;2.087;-1.623;37.325;-34.596;24.050;-19.233;96.182;-72.482;120.501;"0001-01-01T00:00:09.247+01:00|W1|1.0|-0.41|0.24|-0.41|0.91;0001-01-01T00:00:09.247+01:00|W2|0.4|-0.27|0.02|-0.27|0.25;0001-01-01T00:00:09.247+01:00|W3|1.0|0.28|0.07|0.28|0.86;0001-01-01T00:00:09.247+01:00|W4|1.4|-0.70|0.37|-0.70|1.24;0001-01-01T00:00:09.247+01:00|W5|1.3|-0.19|0.23|-0.19|1.24;0001-01-01T00:00:09.247+01:00|W6|1.1|-0.88|0.08|-0.88|0.69;0001-01-01T00:00:09.247+01:00|W7|1.2|-0.24|0.27|-0.24|1.18;0001-01-01T00:00:09.247+01:00|W8|1.8|-0.52|0.13|-0.52|1.68;0001-01-01T00:00:09.247+01:00|W9|1.4|-1.13|0.05|-1.13|0.77;0001-01-01T00:00:09.247+01:00|W10|1.4|-1.22|0.02|-1.22|0.77;0001-01-01T00:00:09.247+01:00|W11|0.7|-0.14|0.13|-0.14|0.64;0001-01-01T00:00:09.247+01:00|W12|1.0|-0.94|0.09|-0.94|0.13"
147.00;3.26;0001-01-01T00:00:09.2410000+01:00;129.96;2.53;-69.63;42.8;2.138;-1.691;37.531;-34.484;23.785;-19.284;96.212;-72.642;120.620;"0001-01-01T00:00:09.247+01:00|W1|1.0|-0.41|0.24|-0.41|0.91;0001-01-01T00:00:09.247+01:00|W2|0.4|-0.27|0.02|-0.27|0.25;0001-01-01T00:00:09.247+01:00|W3|1.0|0.28|0.07|0.28|0.86;0001-01-01T00:00:09.247+01:00|W4|1.4|-0.70|0.37|-0.70|1.24;0001-01-01T00:00:09.247+01:00|W5|1.3|-0.19|0.23|-0.19|1.24;0001-01-01T00:00:09.247+01:00|W6|1.1|-0.88|0.08|-0.88|0.69;0001-01-01T00:00:09.247+01:00|W7|1.2|-0.24|0.27|-0.24|1.18;0001-01-01T00:00:09.247+01:00|W8|1.8|-0.52|0.13|-0.52|1.68;0001-01-01T00:00:09.247+01:00|W9|1.4|-1.13|0.05|-1.13|0.77;0001-01-01T00:00:09.247+01:00|W10|1.4|-1.22|0.02|-1.22|0.77;0001-01-01T00:00:09.247+01:00|W11|0.7|-0.14|0.13|-0.14|0.64;0001-01-01T00:00:09.247+01:00|W12|1.0|-0.94|0.09|-0.94|0.13"
148.00;3.26;0001-01-01T00:00:09.2710000+01:00;130.76;2.56;-70.24;42.8;1.980;-1.759;37.474;-34.372;23.756;-19.335;96.204;-72.724;120.663;"0001-01-01T00:00:09.247+01:00|W1|1.0|-0.41|0.24|-0.41|0.91;0001-01-01T00:00:09.247+01:00|W2|0.4|-0.27|0.02|-0.27|0.25;0001-01-01T00:00:09.247+01:00|W3|1.0|0.28|0.07|0.28|0.86;0001-01-01T00:00:09.247+01:00|W4|1.4|-0.70|0.37|-0.70|1.24;0001-01-01T00:00:09.247+01:00|W5|1.3|-0.19|0.23|-0.19|1.24;0001-01-01T00:00:09.247+01:00|W6|1.1|-0.88|0.08|-0.88|0.69;0001-01-01T00:00:09.247+01:00|W7|1.2|-0.24|0.27|-0.24|1.18;0001-01-01T00:00:09.247+01:00|W8|1.8|-0.52|0.13|-0.52|1.68;0001-01-01T00:00:09.247+01:00|W9|1.4|-1.13|0.05|-1.13|0.77;0001-01-01T00:00:09.247+01:00|W10|1.4|-1.22|0.02|-1.22|0.77;0001-01-01T00:00:09.247+01:00|W11|0.7|-0.14|0.13|-0.14|0.64;0001-01-01T00:00:09.247+01:00|W12|1.0|-0.94|0.09|-0.94|0.13"
149.00;3.27;0001-01-01T00:00:09.3010000+01:00;131.55;2.60;-70.84;42.9;1.745;-1.827;37.318;-34.260;23.814;-19.385;96.181;-72.777;120.678;"0001-01-01T00:00:09.247+01:00|W1|1.0|-0.41|0.24|-0.41|0.91;0001-01-01T00:00:09.247+01:00|W2|0.4|-0.27|0.02|-0.27|0.25;0001-01-01T00:00:09.247+01:00|W3|1.0|0.28|0.07|0.28|0.86;0001-01-01T00:00:09.247+01:00|W4|1.4|-0.70|0.37|-0.70|1.24;0001-01-01T00:00:09.247+01:00|W5|1.3|-0.19|0.23|-0.19|1.24;0001-01-01T00:00:09.247+01:00|W6|1.1|-0.88|0.08|-0.88|0.69;0001-01-01T00:00:09.247+01:00|W7|1.2|-0.24|0.27|-0.24|1.18;0001-01-01T00:00:09.247+01:00|W8|1.8|-0.52|0.13|-0.52|1.68;0001-01-01T00:00:09.247+01:00|W9|1.4|-1.13|0.05|-1.13|0.77;0001-01-01T00:00:09.247+01:00|W10|1.4|-1.22|0.02|-1.22|0.77;0001-01-01T00:00:09.247+01:00|W11|0.7|-0.14|0.13|-0.14|0.64;0001-01-01T00:00:09.247+01:00|W12|1.0|-0.94|0.09|-0.94|0.13"
150.00;3.27;0001-01-01T00:00:09.3310000+01:00;132.35;2.63;-71.44;42.9;1.511;-1.895;37.162;-34.148;23.873;-19.436;96.157;-72.829;120.692;"0001-01-01T00:00:09.247+01:00|W1|1.0|-0.41|0.24|-0.41|0.91;0001-01-01T00:00:09.247+01:00|W2|0.4|-0.27|0.02|-0.27|0.25;0001-01-01T00:00:09.247+01:00|W3|1.0|0.28|0.07|0.28|0.86;0001-01-01T00:00:09.247+01:00|W4|1.4|-0.70|0.37|-0.70|1.24;0001-01-01T00:00:09.247+01:00|W5|1.3|-0.19|0.23|-0.19|1.24;0001-01-01T00:00:09.247+01:00|W6|1.1|-0.88|0.08|-0.88|0.69;0001-01-01T00:00:09.247+01:00|W7|1.2|-0.24|0.27|-0.24|1.18;0001-01-01T00:00:09.247+01:00|W8|1.8|-0.52|0.13|-0.52|1.68;0001-01-01T00:00:09.247+01:00|W9|1.4|-1.13|0.05|-1.13|0.77;0001-01-01T00:00:09.247+01:00|W10|1.4|-1.22|0.02|-1.22|0.77;0001-01-01T00:00:09.247+01:00|W11|0.7|-0.14|0.13|-0.14|0.64;0001-01-01T00:00:09.247+01:00|W12|1.0|-0.94|0.09|-0.94|0.13"
151.00;3.28;0001-01-01T00:00:09.3600000+01:00;133.15;2.66;-72.05;43.1;1.189;-1.963;37.134;-34.036;24.029;-19.487;96.154;-72.947;120.762;"0001-01-01T00:00:09.247+01:00|W1|1.0|-0.41|0.24|-0.41|0.91;0001-01-01T00:00:09.247+01:00|W2|0.4|-0.27|0.02|-0.27|0.25;0001-01-01T00:00:09.247+01:00|W3|1.0|0.28|0.07|0.28|0.86;0001-01-01T00:00:09.247+01:00|W4|1.4|-0.70|0.37|-0.70|1.24;0001-01-01T00:00:09.247+01:00|W5|1.3|-0.19|0.23|-0.19|1.24;0001-01-01T00:00:09.247+01:00|W6|1.1|-0.88|0.08|-0.88|0.69;0001-01-01T00:00:09.247+01:00|W7|1.2|-0.24|0.27|-0.24|1.18;0001-01-01T00:00:09.247+01:00|W8|1.8|-0.52|0.13|-0.52|1.68;0001-01-01T00:00:09.247+01:00|W9|1.4|-1.13|0.05|-1.13|0.77;0001-01-01T00:00:09.247+01:00|W10|1.4|-1.22|0.02|-1.22|0.77;0001-01-01T00:00:09.247+01:00|W11|0.7|-0.14|0.13|-0.14|0.64;0001-01-01T00:00:09.247+01:00|W12|1.0|-0.94|0.09|-0.94|0.13"
152.00;3.28;0001-01-01T00:00:09.3900000+01:00;133.95;2.69;-72.65;43.4;0.728;-2.030;37.311;-33.923;24.343;-19.538;96.185;-73.172;120.921;"0001-01-01T00:00:09.495+01:00|W1|1.0|-0.41|0.24|-0.41|0.91;0001-01-01T00:00:09.495+01:00|W2|0.4|-0.27|0.02|-0.27|0.25;0001-01-01T00:00:09.495+01:00|W3|1.0|0.28|0.07|0.28|0.86;0001-01-01T00:00:09.495+01:00|W4|1.4|-0.70|0.37|-0.70|1.24;0001-01-01T00:00:09.495+01:00|W5|1.3|-0.19|0.23|-0.19|1.24;0001-01-01T00:00:09.495+01:00|W6|1.1|-0.88|0.08|-0.88|0.69;0001-01-01T00:00:09.495+01:00|W7|1.2|-0.24|0.27|-0.24|1.18;0001-01-01T00:00:09.495+01:00|W8|1.8|-0.52|0.13|-0.52|1.68;0001-01-01T00:00:09.495+01:00|W9|1.4|-1.13|0.05|-1.13|0.77;0001-01-01T00:00:09.495+01:00|W10|1.4|-1.22|0.02|-1.22|0.77;0001-01-01T00:00:09.495+01:00|W11|0.7|-0.14|0.13|-0.14|0.64;0001-01-01T00:00:09.495+01:00|W12|1.0|-0.94|0.09|-0.94|0.13"
153.00;3.28;0001-01-01T00:00:09.4200000+01:00;134.75;2.73;-73.26;43.6;0.188;-2.098;37.227;-33.812;24.582;-19.589;96.230;-73.410;121.101;"0001-01-01T00:00:09.495+01:00|W1|1.0|-0.41|0.24|-0.41|0.91;0001-01-01T00:00:09.495+01:00|W2|0.4|-0.27|0.02|-0.27|0.25;0001-01-01T00:00:09.495+01:00|W3|1.0|0.28|0.07|0.28|0.86;0001-01-01T00:00:09.495+01:00|W4|1.4|-0.70|0.37|-0.70|1.24;0001-01-01T00:00:09.495+01:00|W5|1.3|-0.19|0.23|-0.19|1.24;0001-01-01T00:00:09.495+01:00|W6|1.1|-0.88|0.08|-0.88|0.69;0001-01-01T00:00:09.495+01:00|W7|1.2|-0.24|0.27|-0.24|1.18;0001-01-01T00:00:09.495+01:00|W8|1.8|-0.52|0.13|-0.52|1.68;0001-01-01T00:00:09.495+01:00|W9|1.4|-1.13|0.05|-1.13|0.77;0001-01-01T00:00:09.495+01:00|W10|1.4|-1.22|0.02|-1.22|0.77;0001-01-01T00:00:09.495+01:00|W11|0.7|-0.14|0.13|-0.14|0.64;0001-01-01T00:00:09.495+01:00|W12|1.0|-0.94|0.09|-0.94|0.13"
154.00;3.28;0001-01-01T00:00:09.4500000+01:00;135.54;2.77;-73.86;43.8;-0.377;-2.165;37.037;-33.701;24.782;-19.639;96.282;-73.651;121.288;"0001-01-01T00:00:09.495+01:00|W1|1.0|-0.41|0.24|-0.41|0.91;0001-01-01T00:00:09.495+01:00|W2|0.4|-0.27|0.02|-0.27|0.25;0001-01-01T00:00:09.495+01:00|W3|1.0|0.28|0.07|0.28|0.86;0001-01-01T00:00:09.495+01:00|W4|1.4|-0.70|0.37|-0.70|1.24;0001-01-01T00:00:09.495+01:00|W5|1.3|-0.19|0.23|-0.19|1.24;0001-01-01T00:00:09.495+01:00|W6|1.1|-0.88|0.08|-0.88|0.69;0001-01-01T00:00:09.495+01:00|W7|1.2|-0.24|0.27|-0.24|1.18;0001-01-01T00:00:09.495+01:00|W8|1.8|-0.52|0.13|-0.52|1.68;0001-01-01T00:00:09.495+01:00|W9|1.4|-1.13|0.05|-1.13|0.77;0001-01-01T00:00:09.495+01:00|W10|1.4|-1.22|0.02|-1.22|0.77;0001-01-01T00:00:09.495+01:00|W11|0.7|-0.14|0.13|-0.14|0.64;0001-01-01T00:00:09.495+01:00|W12|1.0|-0.94|0.09|-0.94|0.13"
155.00;3.27;0001-01-01T00:00:09.4790000+01:00;136.33;2.80;-74.47;43.7;-0.626;-2.232;36.870;-33.590;24.625;-19.689;96.341;-73.760;121.401;"0001-01-01T00:00:09.495+01:00|W1|1.0|-0.41|0.24|-0.41|0.91;0001-01-01T00:00:09.495+01:00|W2|0.4|-0.27|0.02|-0.27|0.25;0001-01-01T00:00:09.495+01:00|W3|1.0|0.28|0.07|0.28|0.86;0001-01-01T00:00:09.495+01:00|W4|1.4|-0.70|0.37|-0.70|1.24;0001-01-01T00:00:09.495+01:00|W5|1.3|-0.19|0.23|-0.19|1.24;0001-01-01T00:00:09.495+01:00|W6|1.1|-0.88|0.08|-0.88|0.69;0001-01-01T00:00:09.495+01:00|W7|1.2|-0.24|0.27|-0.24|1.18;0001-01-01T00:00:09.495+01:00|W8|1.8|-0.52|0.13|-0.52|1.68;0001-01-01T00:00:09.495+01:00|W9|1.4|-1.13|0.05|-1.13|0.77;0001-01-01T00:00:09.495+01:00|W10|1.4|-1.22|0.02|-1.22|0.77;0001-01-01T00:00:09.495+01:00|W11|0.7|-0.14|0.13|-0.14|0.64;0001-01-01T00:00:09.495+01:00|W12|1.0|-0.94|0.09|-0.94|0.13"
156.00;3.27;0001-01-01T00:00:09.5090000+01:00;137.13;2.84;-75.07;43.5;-0.874;-2.300;36.702;-33.479;24.468;-19.740;96.399;-73.869;121.514;"0001-01-01T00:00:09.495+01:00|W1|1.0|-0.41|0.24|-0.41|0.91;0001-01-01T00:00:09.495+01:00|W2|0.4|-0.27|0.02|-0.27|0.25;0001-01-01T00:00:09.495+01:00|W3|1.0|0.28|0.07|0.28|0.86;0001-01-01T00:00:09.495+01:00|W4|1.4|-0.70|0.37|-0.70|1.24;0001-01-01T00:00:09.495+01:00|W5|1.3|-0.19|0.23|-0.19|1.24;0001-01-01T00:00:09.495+01:00|W6|1.1|-0.88|0.08|-0.88|0.69;0001-01-01T00:00:09.495+01:00|W7|1.2|-0.24|0.27|-0.24|1.18;0001-01-01T00:00:09.495+01:00|W8|1.8|-0.52|0.13|-0.52|1.68;0001-01-01T00:00:09.495+01:00|W9|1.4|-1.13|0.05|-1.13|0.77;0001-01-01T00:00:09.495+01:00|W10|1.4|-1.22|0.02|-1.22|0.77;0001-01-01T00:00:09.495+01:00|W11|0.7|-0.14|0.13|-0.14|0.64;0001-01-01T00:00:09.495+01:00|W12|1.0|-0.94|0.09|-0.94|0.13"
157.00;3.26;0001-01-01T00:00:09.5380000+01:00;137.92;2.87;-75.68;43.3;-1.123;-2.367;36.535;-33.368;24.311;-19.790;96.458;-73.978;121.627;"0001-01-01T00:00:09.495+01:00|W1|1.0|-0.41|0.24|-0.41|0.91;0001-01-01T00:00:09.495+01:00|W2|0.4|-0.27|0.02|-0.27|0.25;0001-01-01T00:00:09.495+01:00|W3|1.0|0.28|0.07|0.28|0.86;0001-01-01T00:00:09.495+01:00|W4|1.4|-0.70|0.37|-0.70|1.24;0001-01-01T00:00:09.495+01:00|W5|1.3|-0.19|0.23|-0.19|1.24;0001-01-01T00:00:09.495+01:00|W6|1.1|-0.88|0.08|-0.88|0.69;0001-01-01T00:00:09.495+01:00|W7|1.2|-0.24|0.27|-0.24|1.18;0001-01-01T00:00:09.495+01:00|W8|1.8|-0.52|0.13|-0.52|1.68;0001-01-01T00:00:09.495+01:00|W9|1.4|-1.13|0.05|-1.13|0.77;0001-01-01T00:00:09.495+01:00|W10|1.4|-1.22|0.02|-1.22|0.77;0001-01-01T00:00:09.495+01:00|W11|0.7|-0.14|0.13|-0.14|0.64;0001-01-01T00:00:09.495+01:00|W12|1.0|-0.94|0.09|-0.94|0.13"
158.00;3.25;0001-01-01T00:00:09.5680000+01:00;138.71;2.91;-76.29;43.2;-1.371;-2.434;36.367;-33.257;24.153;-19.841;96.516;-74.087;121.740;"0001-01-01T00:00:09.495+01:00|W1|1.0|-0.41|0.24|-0.41|0.91;0001-01-01T00:00:09.495+01:00|W2|0.4|-0.27|0.02|-0.27|0.25;0001-01-01T00:00:09.495+01:00|W3|1.0|0.28|0.07|0.28|0.86;0001-01-01T00:00:09.495+01:00|W4|1.4|-0.70|0.37|-0.70|1.24;0001-01-01T00:00:09.495+01:00|W5|1.3|-0.19|0.23|-0.19|1.24;0001-01-01T00:00:09.495+01:00|W6|1.1|-0.88|0.08|-0.88|0.69;0001-01-01T00:00:09.495+01:00|W7|1.2|-0.24|0.27|-0.24|1.18;0001-01-01T00:00:09.495+01:00|W8|1.8|-0.52|0.13|-0.52|1.68;0001-01-01T00:00:09.495+01:00|W9|1.4|-1.13|0.05|-1.13|0.77;0001-01-01T00:00:09.495+01:00|W10|1.4|-1.22|0.02|-1.22|0.77;0001-01-01T00:00:09.495+01:00|W11|0.7|-0.14|0.13|-0.14|0.64;0001-01-01T00:00:09.495+01:00|W12|1.0|-0.94|0.09|-0.94|0.13"
159.00;3.24;0001-01-01T00:00:09.5980000+01:00;139.50;2.94;-76.89;43.0;-1.620;-2.501;36.200;-33.146;23.996;-19.891;96.575;-74.196;121.853;"0001-01-01T00:00:09.495+01:00|W1|1.0|-0.41|0.24|-0.41|0.91;0001-01-01T00:00:09.495+01:00|W2|0.4|-0.27|0.02|-0.27|0.25;0001-01-01T00:00:09.495+01:00|W3|1.0|0.28|0.07|0.28|0.86;0001-01-01T00:00:09.495+01:00|W4|1.4|-0.70|0.37|-0.70|1.24;0001-01-01T00:00:09.495+01:00|W5|1.3|-0.19|0.23|-0.19|1.24;0001-01-01T00:00:09.495+01:00|W6|1.1|-0.88|0.08|-0.88|0.69;0001-01-01T00:00:09.495+01:00|W7|1.2|-0.24|0.27|-0.24|1.18;0001-01-01T00:00:09.495+01:00|W8|1.8|-0.52|0.13|-0.52|1.68;0001-01-01T00:00:09.495+01:00|W9|1.4|-1.13|0.05|-1.13|0.77;0001-01-01T00:00:09.495+01:00|W10|1.4|-1.22|0.02|-1.22|0.77;0001-01-01T00:00:09.495+01:00|W11|0.7|-0.14|0.13|-0.14|0.64;0001-01-01T00:00:09.495+01:00|W12|1.0|-0.94|0.09|-0.94|0.13"
160.00;3.23;0001-01-01T00:00:09.6270000+01:00;140.29;2.98;-77.50;42.8;-1.395;-2.568;35.907;-33.036;23.730;-19.941;96.586;-74.230;121.883;"0001-01-01T00:00:09.749+01:00|W1|1.0|-0.53|0.29|-0.53|0.78;0001-01-01T00:00:09.749+01:00|W2|0.5|-0.40|0.09|-0.40|0.26;0001-01-01T00:00:09.749+01:00|W3|1.0|0.33|0.05|0.33|0.84;0001-01-01T00:00:09.749+01:00|W4|1.3|-0.47|0.48|-0.47|1.18;0001-01-01T00:00:09.749+01:00|W5|1.4|-0.13|0.28|-0.13|1.43;0001-01-01T00:00:09.749+01:00|W6|0.9|-0.66|0.16|-0.66|0.56;0001-01-01T00:00:09.749+01:00|W7|1.3|-0.16|0.22|-0.16|1.24;0001-01-01T00:00:09.749+01:00|W8|1.9|-0.41|0.05|-0.41|1.81;0001-01-01T00:00:09.749+01:00|W9|1.5|-1.16|0.02|-1.16|0.86;0001-01-01T00:00:09.749+01:00|W10|1.4|-1.12|0.05|-1.12|0.76;0001-01-01T00:00:09.749+01:00|W11|0.7|-0.15|0.12|-0.15|0.64;0001-01-01T00:00:09.749+01:00|W12|1.0|-0.97|0.11|-0.97|0.22"
161.00;3.21;0001-01-01T00:00:09.6560000+01:00;141.08;3.01;-78.11;42.5;-1.110;-2.635;35.669;-32.926;23.506;-19.991;96.606;-74.334;121.961;"0001-01-01T00:00:09.749+01:00|W1|1.0|-0.53|0.29|-0.53|0.78;0001-01-01T00:00:09.749+01:00|W2|0.5|-0.40|0.09|-0.40|0.26;0001-01-01T00:00:09.749+01:00|W3|1.0|0.33|0.05|0.33|0.84;0001-01-01T00:00:09.749+01:00|W4|1.3|-0.47|0.48|-0.47|1.18;0001-01-01T00:00:09.749+01:00|W5|1.4|-0.13|0.28|-0.13|1.43;0001-01-01T00:00:09.749+01:00|W6|0.9|-0.66|0.16|-0.66|0.56;0001-01-01T00:00:09.749+01:00|W7|1.3|-0.16|0.22|-0.16|1.24;0001-01-01T00:00:09.749+01:00|W8|1.9|-0.41|0.05|-0.41|1.81;0001-01-01T00:00:09.749+01:00|W9|1.5|-1.16|0.02|-1.16|0.86;0001-01-01T00:00:09.749+01:00|W10|1.4|-1.12|0.05|-1.12|0.76;0001-01-01T00:00:09.749+01:00|W11|0.7|-0.15|0.12|-0.15|0.64;0001-01-01T00:00:09.749+01:00|W12|1.0|-0.97|0.11|-0.97|0.22"
162.00;3.19;0001-01-01T00:00:09.6860000+01:00;141.87;3.04;-78.72;42.5;-0.714;-2.701;35.616;-32.816;23.425;-20.041;96.657;-74.661;122.201;"0001-01-01T00:00:09.749+01:00|W1|1.0|-0.53|0.29|-0.53|0.78;0001-01-01T00:00:09.749+01:00|W2|0.5|-0.40|0.09|-0.40|0.26;0001-01-01T00:00:09.749+01:00|W3|1.0|0.33|0.05|0.33|0.84;0001-01-01T00:00:09.749+01:00|W4|1.3|-0.47|0.48|-0.47|1.18;0001-01-01T00:00:09.749+01:00|W5|1.4|-0.13|0.28|-0.13|1.43;0001-01-01T00:00:09.749+01:00|W6|0.9|-0.66|0.16|-0.66|0.56;0001-01-01T00:00:09.749+01:00|W7|1.3|-0.16|0.22|-0.16|1.24;0001-01-01T00:00:09.749+01:00|W8|1.9|-0.41|0.05|-0.41|1.81;0001-01-01T00:00:09.749+01:00|W9|1.5|-1.16|0.02|-1.16|0.86;0001-01-01T00:00:09.749+01:00|W10|1.4|-1.12|0.05|-1.12|0.76;0001-01-01T00:00:09.749+01:00|W11|0.7|-0.15|0.12|-0.15|0.64;0001-01-01T00:00:09.749+01:00|W12|1.0|-0.97|0.11|-0.97|0.22"
163.00;3.17;0001-01-01T00:00:09.7150000+01:00;142.66;3.08;-79.32;42.5;-0.347;-2.768;35.265;-32.706;23.484;-20.091;96.673;-74.756;122.272;"0001-01-01T00:00:09.749+01:00|W1|1.0|-0.53|0.29|-0.53|0.78;0001-01-01T00:00:09.749+01:00|W2|0.5|-0.40|0.09|-0.40|0.26;0001-01-01T00:00:09.749+01:00|W3|1.0|0.33|0.05|0.33|0.84;0001-01-01T00:00:09.749+01:00|W4|1.3|-0.47|0.48|-0.47|1.18;0001-01-01T00:00:09.749+01:00|W5|1.4|-0.13|0.28|-0.13|1.43;0001-01-01T00:00:09.749+01:00|W6|0.9|-0.66|0.16|-0.66|0.56;0001-01-01T00:00:09.749+01:00|W7|1.3|-0.16|0.22|-0.16|1.24;0001-01-01T00:00:09.749+01:00|W8|1.9|-0.41|0.05|-0.41|1.81;0001-01-01T00:00:09.749+01:00|W9|1.5|-1.16|0.02|-1.16|0.86;0001-01-01T00:00:09.749+01:00|W10|1.4|-1.12|0.05|-1.12|0.76;0001-01-01T00:00:09.749+01:00|W11|0.7|-0.15|0.12|-0.15|0.64;0001-01-01T00:00:09.749+01:00|W12|1.0|-0.97|0.11|-0.97|0.22"
164.00;3.15;0001-01-01T00:00:09.7440000+01:00;143.46;3.12;-79.93;42.7;-0.006;-2.835;34.665;-32.596;23.659;-20.141;96.661;-74.660;122.203;"0001-01-01T00:00:09.749+01:00|W1|1.0|-0.53|0.29|-0.53|0.78;0001-01-01T00:00:09.749+01:00|W2|0.5|-0.40|0.09|-0.40|0.26;0001-01-01T00:00:09.749+01:00|W3|1.0|0.33|0.05|0.33|0.84;0001-01-01T00:00:09.749+01:00|W4|1.3|-0.47|0.48|-0.47|1.18;0001-01-01T00:00:09.749+01:00|W5|1.4|-0.13|0.28|-0.13|1.43;0001-01-01T00:00:09.749+01:00|W6|0.9|-0.66|0.16|-0.66|0.56;0001-01-01T00:00:09.749+01:00|W7|1.3|-0.16|0.22|-0.16|1.24;0001-01-01T00:00:09.749+01:00|W8|1.9|-0.41|0.05|-0.41|1.81;0001-01-01T00:00:09.749+01:00|W9|1.5|-1.16|0.02|-1.16|0.86;0001-01-01T00:00:09.749+01:00|W10|1.4|-1.12|0.05|-1.12|0.76;0001-01-01T00:00:09.749+01:00|W11|0.7|-0.15|0.12|-0.15|0.64;0001-01-01T00:00:09.749+01:00|W12|1.0|-0.97|0.11|-0.97|0.22"
165.00;3.13;0001-01-01T00:00:09.7740000+01:00;144.24;3.15;-80.54;42.9;0.254;-2.902;34.505;-32.485;23.905;-20.191;96.631;-74.778;122.249;"0001-01-01T00:00:09.749+01:00|W1|1.0|-0.53|0.29|-0.53|0.78;0001-01-01T00:00:09.749+01:00|W2|0.5|-0.40|0.09|-0.40|0.26;0001-01-01T00:00:09.749+01:00|W3|1.0|0.33|0.05|0.33|0.84;0001-01-01T00:00:09.749+01:00|W4|1.3|-0.47|0.48|-0.47|1.18;0001-01-01T00:00:09.749+01:00|W5|1.4|-0.13|0.28|-0.13|1.43;0001-01-01T00:00:09.749+01:00|W6|0.9|-0.66|0.16|-0.66|0.56;0001-01-01T00:00:09.749+01:00|W7|1.3|-0.16|0.22|-0.16|1.24;0001-01-01T00:00:09.749+01:00|W8|1.9|-0.41|0.05|-0.41|1.81;0001-01-01T00:00:09.749+01:00|W9|1.5|-1.16|0.02|-1.16|0.86;0001-01-01T00:00:09.749+01:00|W10|1.4|-1.12|0.05|-1.12|0.76;0001-01-01T00:00:09.749+01:00|W11|0.7|-0.15|0.12|-0.15|0.64;0001-01-01T00:00:09.749+01:00|W12|1.0|-0.97|0.11|-0.97|0.22"
166.00;3.10;0001-01-01T00:00:09.8030000+01:00;145.03;3.19;-81.15;43.2;0.463;-2.969;34.381;-32.375;24.147;-20.241;96.594;-74.898;122.292;"0001-01-01T00:00:09.749+01:00|W1|1.0|-0.53|0.29|-0.53|0.78;0001-01-01T00:00:09.749+01:00|W2|0.5|-0.40|0.09|-0.40|0.26;0001-01-01T00:00:09.749+01:00|W3|1.0|0.33|0.05|0.33|0.84;0001-01-01T00:00:09.749+01:00|W4|1.3|-0.47|0.48|-0.47|1.18;0001-01-01T00:00:09.749+01:00|W5|1.4|-0.13|0.28|-0.13|1.43;0001-01-01T00:00:09.749+01:00|W6|0.9|-0.66|0.16|-0.66|0.56;0001-01-01T00:00:09.749+01:00|W7|1.3|-0.16|0.22|-0.16|1.24;0001-01-01T00:00:09.749+01:00|W8|1.9|-0.41|0.05|-0.41|1.81;0001-01-01T00:00:09.749+01:00|W9|1.5|-1.16|0.02|-1.16|0.86;0001-01-01T00:00:09.749+01:00|W10|1.4|-1.12|0.05|-1.12|0.76;0001-01-01T00:00:09.749+01:00|W11|0.7|-0.15|0.12|-0.15|0.64;0001-01-01T00:00:09.749+01:00|W12|1.0|-0.97|0.11|-0.97|0.22"
167.00;3.07;0001-01-01T00:00:09.8320000+01:00;145.82;3.21;-81.76;43.3;0.464;-3.035;33.987;-32.265;24.287;-20.291;96.540;-74.803;122.188;"0001-01-01T00:00:09.749+01:00|W1|1.0|-0.53|0.29|-0.53|0.78;0001-01-01T00:00:09.749+01:00|W2|0.5|-0.40|0.09|-0.40|0.26;0001-01-01T00:00:09.749+01:00|W3|1.0|0.33|0.05|0.33|0.84;0001-01-01T00:00:09.749+01:00|W4|1.3|-0.47|0.48|-0.47|1.18;0001-01-01T00:00:09.749+01:00|W5|1.4|-0.13|0.28|-0.13|1.43;0001-01-01T00:00:09.749+01:00|W6|0.9|-0.66|0.16|-0.66|0.56;0001-01-01T00:00:09.749+01:00|W7|1.3|-0.16|0.22|-0.16|1.24;0001-01-01T00:00:09.749+01:00|W8|1.9|-0.41|0.05|-0.41|1.81;0001-01-01T00:00:09.749+01:00|W9|1.5|-1.16|0.02|-1.16|0.86;0001-01-01T00:00:09.749+01:00|W10|1.4|-1.12|0.05|-1.12|0.76;0001-01-01T00:00:09.749+01:00|W11|0.7|-0.15|0.12|-0.15|0.64;0001-01-01T00:00:09.749+01:00|W12|1.0|-0.97|0.11|-0.97|0.22"
168.00;3.00;0001-01-01T00:00:09.8610000+01:00;146.59;3.25;-82.39;43.6;0.380;-3.101;33.652;-32.157;24.281;-20.340;96.529;-74.890;122.232;"0001-01-01T00:00:09.749+01:00|W1|1.0|-0.53|0.29|-0.53|0.78;0001-01-01T00:00:09.749+01:00|W2|0.5|-0.40|0.09|-0.40|0.26;0001-01-01T00:00:09.749+01:00|W3|1.0|0.33|0.05|0.33|0.84;0001-01-01T00:00:09.749+01:00|W4|1.3|-0.47|0.48|-0.47|1.18;0001-01-01T00:00:09.749+01:00|W5|1.4|-0.13|0.28|-0.13|1.43;0001-01-01T00:00:09.749+01:00|W6|0.9|-0.66|0.16|-0.66|0.56;0001-01-01T00:00:09.749+01:00|W7|1.3|-0.16|0.22|-0.16|1.24;0001-01-01T00:00:09.749+01:00|W8|1.9|-0.41|0.05|-0.41|1.81;0001-01-01T00:00:09.749+01:00|W9|1.5|-1.16|0.02|-1.16|0.86;0001-01-01T00:00:09.749+01:00|W10|1.4|-1.12|0.05|-1.12|0.76;0001-01-01T00:00:09.749+01:00|W11|0.7|-0.15|0.12|-0.15|0.64;0001-01-01T00:00:09.749+01:00|W12|1.0|-0.97|0.11|-0.97|0.22"
169.00;2.89;0001-01-01T00:00:09.8900000+01:00;147.34;3.28;-83.05;44.0;0.182;-3.166;33.393;-32.050;24.085;-20.389;96.574;-75.218;122.469;"0001-01-01T00:00:09.993+01:00|W1|1.0|-0.50|0.26|-0.50|0.82;0001-01-01T00:00:09.993+01:00|W2|0.5|-0.44|0.13|-0.44|0.28;0001-01-01T00:00:09.993+01:00|W3|1.0|0.35|0.06|0.35|0.85;0001-01-01T00:00:09.993+01:00|W4|1.3|-0.47|0.48|-0.47|1.18;0001-01-01T00:00:09.993+01:00|W5|1.4|-0.04|0.21|-0.04|1.39;0001-01-01T00:00:09.993+01:00|W6|0.8|-0.52|0.21|-0.52|0.59;0001-01-01T00:00:09.993+01:00|W7|1.3|-0.12|0.22|-0.12|1.24;0001-01-01T00:00:09.993+01:00|W8|1.9|-0.34|0.02|-0.34|1.86;0001-01-01T00:00:09.993+01:00|W9|1.4|-1.13|0.02|-1.13|0.81;0001-01-01T00:00:09.993+01:00|W10|1.3|-0.94|0.13|-0.94|0.82;0001-01-01T00:00:09.993+01:00|W11|0.7|-0.18|0.09|-0.18|0.66;0001-01-01T00:00:09.993+01:00|W12|1.1|-1.02|0.13|-1.02|0.18"
170.00;2.78;0001-01-01T00:00:09.9190000+01:00;148.09;3.32;-83.72;44.4;-0.015;-3.231;33.135;-31.942;23.889;-20.437;96.619;-75.545;122.708;"0001-01-01T00:00:09.993+01:00|W1|1.0|-0.50|0.26|-0.50|0.82;0001-01-01T00:00:09.993+01:00|W2|0.5|-0.44|0.13|-0.44|0.28;0001-01-01T00:00:09.993+01:00|W3|1.0|0.35|0.06|0.35|0.85;0001-01-01T00:00:09.993+01:00|W4|1.3|-0.47|0.48|-0.47|1.18;0001-01-01T00:00:09.993+01:00|W5|1.4|-0.04|0.21|-0.04|1.39;0001-01-01T00:00:09.993+01:00|W6|0.8|-0.52|0.21|-0.52|0.59;0001-01-01T00:00:09.993+01:00|W7|1.3|-0.12|0.22|-0.12|1.24;0001-01-01T00:00:09.993+01:00|W8|1.9|-0.34|0.02|-0.34|1.86;0001-01-01T00:00:09.993+01:00|W9|1.4|-1.13|0.02|-1.13|0.81;0001-01-01T00:00:09.993+01:00|W10|1.3|-0.94|0.13|-0.94|0.82;0001-01-01T00:00:09.993+01:00|W11|0.7|-0.18|0.09|-0.18|0.66;0001-01-01T00:00:09.993+01:00|W12|1.1|-1.02|0.13|-1.02|0.18"
171.00;2.66;0001-01-01T00:00:09.9470000+01:00;148.85;3.36;-84.38;44.8;-0.212;-3.296;32.876;-31.835;23.693;-20.486;96.664;-75.872;122.946;"0001-01-01T00:00:09.993+01:00|W1|1.0|-0.50|0.26|-0.50|0.82;0001-01-01T00:00:09.993+01:00|W2|0.5|-0.44|0.13|-0.44|0.28;0001-01-01T00:00:09.993+01:00|W3|1.0|0.35|0.06|0.35|0.85;0001-01-01T00:00:09.993+01:00|W4|1.3|-0.47|0.48|-0.47|1.18;0001-01-01T00:00:09.993+01:00|W5|1.4|-0.04|0.21|-0.04|1.39;0001-01-01T00:00:09.993+01:00|W6|0.8|-0.52|0.21|-0.52|0.59;0001-01-01T00:00:09.993+01:00|W7|1.3|-0.12|0.22|-0.12|1.24;0001-01-01T00:00:09.993+01:00|W8|1.9|-0.34|0.02|-0.34|1.86;0001-01-01T00:00:09.993+01:00|W9|1.4|-1.13|0.02|-1.13|0.81;0001-01-01T00:00:09.993+01:00|W10|1.3|-0.94|0.13|-0.94|0.82;0001-01-01T00:00:09.993+01:00|W11|0.7|-0.18|0.09|-0.18|0.66;0001-01-01T00:00:09.993+01:00|W12|1.1|-1.02|0.13|-1.02|0.18"
172.00;2.61;0001-01-01T00:00:09.9760000+01:00;149.63;3.38;-85.00;45.1;-0.413;-3.192;32.613;-31.810;23.493;-20.693;96.739;-76.063;123.118;"0001-01-01T00:00:09.993+01:00|W1|1.0|-0.50|0.26|-0.50|0.82;0001-01-01T00:00:09.993+01:00|W2|0.5|-0.44|0.13|-0.44|0.28;0001-01-01T00:00:09.993+01:00|W3|1.0|0.35|0.06|0.35|0.85;0001-01-01T00:00:09.993+01:00|W4|1.3|-0.47|0.48|-0.47|1.18;0001-01-01T00:00:09.993+01:00|W5|1.4|-0.04|0.21|-0.04|1.39;0001-01-01T00:00:09.993+01:00|W6|0.8|-0.52|0.21|-0.52|0.59;0001-01-01T00:00:09.993+01:00|W7|1.3|-0.12|0.22|-0.12|1.24;0001-01-01T00:00:09.993+01:00|W8|1.9|-0.34|0.02|-0.34|1.86;0001-01-01T00:00:09.993+01:00|W9|1.4|-1.13|0.02|-1.13|0.81;0001-01-01T00:00:09.993+01:00|W10|1.3|-0.94|0.13|-0.94|0.82;0001-01-01T00:00:09.993+01:00|W11|0.7|-0.18|0.09|-0.18|0.66;0001-01-01T00:00:09.993+01:00|W12|1.1|-1.02|0.13|-1.02|0.18"
173.00;2.58;0001-01-01T00:00:10.0060000+01:00;150.42;3.41;-85.60;45.1;-0.615;-3.030;32.347;-31.829;23.292;-20.847;96.771;-76.116;123.172;"0001-01-01T00:00:09.993+01:00|W1|1.0|-0.50|0.26|-0.50|0.82;0001-01-01T00:00:09.993+01:00|W2|0.5|-0.44|0.13|-0.44|0.28;0001-01-01T00:00:09.993+01:00|W3|1.0|0.35|0.06|0.35|0.85;0001-01-01T00:00:09.993+01:00|W4|1.3|-0.47|0.48|-0.47|1.18;0001-01-01T00:00:09.993+01:00|W5|1.4|-0.04|0.21|-0.04|1.39;0001-01-01T00:00:09.993+01:00|W6|0.8|-0.52|0.21|-0.52|0.59;0001-01-01T00:00:09.993+01:00|W7|1.3|-0.12|0.22|-0.12|1.24;0001-01-01T00:00:09.993+01:00|W8|1.9|-0.34|0.02|-0.34|1.86;0001-01-01T00:00:09.993+01:00|W9|1.4|-1.13|0.02|-1.13|0.81;0001-01-01T00:00:09.993+01:00|W10|1.3|-0.94|0.13|-0.94|0.82;0001-01-01T00:00:09.993+01:00|W11|0.7|-0.18|0.09|-0.18|0.66;0001-01-01T00:00:09.993+01:00|W12|1.1|-1.02|0.13|-1.02|0.18"
174.00;2.63;0001-01-01T00:00:10.0360000+01:00;151.25;3.44;-86.15;44.6;-0.825;-2.702;32.072;-31.985;23.084;-20.772;96.640;-75.708;122.819;"0001-01-01T00:00:09.993+01:00|W1|1.0|-0.50|0.26|-0.50|0.82;0001-01-01T00:00:09.993+01:00|W2|0.5|-0.44|0.13|-0.44|0.28;0001-01-01T00:00:09.993+01:00|W3|1.0|0.35|0.06|0.35|0.85;0001-01-01T00:00:09.993+01:00|W4|1.3|-0.47|0.48|-0.47|1.18;0001-01-01T00:00:09.993+01:00|W5|1.4|-0.04|0.21|-0.04|1.39;0001-01-01T00:00:09.993+01:00|W6|0.8|-0.52|0.21|-0.52|0.59;0001-01-01T00:00:09.993+01:00|W7|1.3|-0.12|0.22|-0.12|1.24;0001-01-01T00:00:09.993+01:00|W8|1.9|-0.34|0.02|-0.34|1.86;0001-01-01T00:00:09.993+01:00|W9|1.4|-1.13|0.02|-1.13|0.81;0001-01-01T00:00:09.993+01:00|W10|1.3|-0.94|0.13|-0.94|0.82;0001-01-01T00:00:09.993+01:00|W11|0.7|-0.18|0.09|-0.18|0.66;0001-01-01T00:00:09.993+01:00|W12|1.1|-1.02|0.13|-1.02|0.18"
175.00;2.67;0001-01-01T00:00:10.0660000+01:00;152.08;3.48;-86.70;44.1;-1.035;-2.373;31.796;-32.141;22.875;-20.698;96.508;-75.300;122.467;"0001-01-01T00:00:09.993+01:00|W1|1.0|-0.50|0.26|-0.50|0.82;0001-01-01T00:00:09.993+01:00|W2|0.5|-0.44|0.13|-0.44|0.28;0001-01-01T00:00:09.993+01:00|W3|1.0|0.35|0.06|0.35|0.85;0001-01-01T00:00:09.993+01:00|W4|1.3|-0.47|0.48|-0.47|1.18;0001-01-01T00:00:09.993+01:00|W5|1.4|-0.04|0.21|-0.04|1.39;0001-01-01T00:00:09.993+01:00|W6|0.8|-0.52|0.21|-0.52|0.59;0001-01-01T00:00:09.993+01:00|W7|1.3|-0.12|0.22|-0.12|1.24;0001-01-01T00:00:09.993+01:00|W8|1.9|-0.34|0.02|-0.34|1.86;0001-01-01T00:00:09.993+01:00|W9|1.4|-1.13|0.02|-1.13|0.81;0001-01-01T00:00:09.993+01:00|W10|1.3|-0.94|0.13|-0.94|0.82;0001-01-01T00:00:09.993+01:00|W11|0.7|-0.18|0.09|-0.18|0.66;0001-01-01T00:00:09.993+01:00|W12|1.1|-1.02|0.13|-1.02|0.18"
176.00;2.72;0001-01-01T00:00:10.0970000+01:00;152.91;3.51;-87.25;43.5;-1.245;-2.045;31.521;-32.297;22.667;-20.623;96.377;-74.893;122.115;"0001-01-01T00:00:09.993+01:00|W1|1.0|-0.50|0.26|-0.50|0.82;0001-01-01T00:00:09.993+01:00|W2|0.5|-0.44|0.13|-0.44|0.28;0001-01-01T00:00:09.993+01:00|W3|1.0|0.35|0.06|0.35|0.85;0001-01-01T00:00:09.993+01:00|W4|1.3|-0.47|0.48|-0.47|1.18;0001-01-01T00:00:09.993+01:00|W5|1.4|-0.04|0.21|-0.04|1.39;0001-01-01T00:00:09.993+01:00|W6|0.8|-0.52|0.21|-0.52|0.59;0001-01-01T00:00:09.993+01:00|W7|1.3|-0.12|0.22|-0.12|1.24;0001-01-01T00:00:09.993+01:00|W8|1.9|-0.34|0.02|-0.34|1.86;0001-01-01T00:00:09.993+01:00|W9|1.4|-1.13|0.02|-1.13|0.81;0001-01-01T00:00:09.993+01:00|W10|1.3|-0.94|0.13|-0.94|0.82;0001-01-01T00:00:09.993+01:00|W11|0.7|-0.18|0.09|-0.18|0.66;0001-01-01T00:00:09.993+01:00|W12|1.1|-1.02|0.13|-1.02|0.18"
177.00;2.58;0001-01-01T00:00:10.1250000+01:00;153.66;3.53;-87.92;43.2;-1.366;-1.738;31.706;-32.443;22.519;-20.553;96.495;-75.154;122.365;"0001-01-01T00:00:10.244+01:00|W1|1.0|-0.40|0.22|-0.40|0.91;0001-01-01T00:00:10.244+01:00|W2|0.5|-0.44|0.15|-0.44|0.32;0001-01-01T00:00:10.244+01:00|W3|1.0|0.35|0.06|0.35|0.85;0001-01-01T00:00:10.244+01:00|W4|1.3|-0.36|0.48|-0.36|1.20;0001-01-01T00:00:10.244+01:00|W5|1.4|0.03|0.20|0.03|1.38;0001-01-01T00:00:10.244+01:00|W6|0.8|-0.43|0.26|-0.43|0.58;0001-01-01T00:00:10.244+01:00|W7|1.3|-0.05|0.21|-0.05|1.25;0001-01-01T00:00:10.244+01:00|W8|1.9|-0.31|0.03|-0.31|1.85;0001-01-01T00:00:10.244+01:00|W9|1.3|-1.04|0.09|-1.04|0.77;0001-01-01T00:00:10.244+01:00|W10|1.1|-0.62|0.26|-0.62|0.89;0001-01-01T00:00:10.244+01:00|W11|0.7|-0.23|0.05|-0.23|0.67;0001-01-01T00:00:10.244+01:00|W12|1.1|-1.09|0.19|-1.09|0.11"
178.00;2.44;0001-01-01T00:00:10.1540000+01:00;154.41;3.56;-88.59;42.8;-1.469;-1.435;31.845;-32.648;22.387;-20.453;96.604;-75.423;122.613;"0001-01-01T00:00:10.244+01:00|W1|1.0|-0.40|0.22|-0.40|0.91;0001-01-01T00:00:10.244+01:00|W2|0.5|-0.44|0.15|-0.44|0.32;0001-01-01T00:00:10.244+01:00|W3|1.0|0.35|0.06|0.35|0.85;0001-01-01T00:00:10.244+01:00|W4|1.3|-0.36|0.48|-0.36|1.20;0001-01-01T00:00:10.244+01:00|W5|1.4|0.03|0.20|0.03|1.38;0001-01-01T00:00:10.244+01:00|W6|0.8|-0.43|0.26|-0.43|0.58;0001-01-01T00:00:10.244+01:00|W7|1.3|-0.05|0.21|-0.05|1.25;0001-01-01T00:00:10.244+01:00|W8|1.9|-0.31|0.03|-0.31|1.85;0001-01-01T00:00:10.244+01:00|W9|1.3|-1.04|0.09|-1.04|0.77;0001-01-01T00:00:10.244+01:00|W10|1.1|-0.62|0.26|-0.62|0.89;0001-01-01T00:00:10.244+01:00|W11|0.7|-0.23|0.05|-0.23|0.67;0001-01-01T00:00:10.244+01:00|W12|1.1|-1.09|0.19|-1.09|0.11"
179.00;2.39;0001-01-01T00:00:10.1830000+01:00;155.20;3.59;-89.20;42.5;-1.515;-1.145;31.559;-33.169;22.324;-20.187;96.563;-75.467;122.609;"0001-01-01T00:00:10.244+01:00|W1|1.0|-0.40|0.22|-0.40|0.91;0001-01-01T00:00:10.244+01:00|W2|0.5|-0.44|0.15|-0.44|0.32;0001-01-01T00:00:10.244+01:00|W3|1.0|0.35|0.06|0.35|0.85;0001-01-01T00:00:10.244+01:00|W4|1.3|-0.36|0.48|-0.36|1.20;0001-01-01T00:00:10.244+01:00|W5|1.4|0.03|0.20|0.03|1.38;0001-01-01T00:00:10.244+01:00|W6|0.8|-0.43|0.26|-0.43|0.58;0001-01-01T00:00:10.244+01:00|W7|1.3|-0.05|0.21|-0.05|1.25;0001-01-01T00:00:10.244+01:00|W8|1.9|-0.31|0.03|-0.31|1.85;0001-01-01T00:00:10.244+01:00|W9|1.3|-1.04|0.09|-1.04|0.77;0001-01-01T00:00:10.244+01:00|W10|1.1|-0.62|0.26|-0.62|0.89;0001-01-01T00:00:10.244+01:00|W11|0.7|-0.23|0.05|-0.23|0.67;0001-01-01T00:00:10.244+01:00|W12|1.1|-1.09|0.19|-1.09|0.11"
180.00;2.33;0001-01-01T00:00:10.2120000+01:00;155.98;3.62;-89.82;42.1;-1.509;-0.880;31.375;-33.090;22.222;-19.918;96.526;-75.420;122.551;"0001-01-01T00:00:10.244+01:00|W1|1.0|-0.40|0.22|-0.40|0.91;0001-01-01T00:00:10.244+01:00|W2|0.5|-0.44|0.15|-0.44|0.32;0001-01-01T00:00:10.244+01:00|W3|1.0|0.35|0.06|0.35|0.85;0001-01-01T00:00:10.244+01:00|W4|1.3|-0.36|0.48|-0.36|1.20;0001-01-01T00:00:10.244+01:00|W5|1.4|0.03|0.20|0.03|1.38;0001-01-01T00:00:10.244+01:00|W6|0.8|-0.43|0.26|-0.43|0.58;0001-01-01T00:00:10.244+01:00|W7|1.3|-0.05|0.21|-0.05|1.25;0001-01-01T00:00:10.244+01:00|W8|1.9|-0.31|0.03|-0.31|1.85;0001-01-01T00:00:10.244+01:00|W9|1.3|-1.04|0.09|-1.04|0.77;0001-01-01T00:00:10.244+01:00|W10|1.1|-0.62|0.26|-0.62|0.89;0001-01-01T00:00:10.244+01:00|W11|0.7|-0.23|0.05|-0.23|0.67;0001-01-01T00:00:10.244+01:00|W12|1.1|-1.09|0.19|-1.09|0.11"
181.00;2.26;0001-01-01T00:00:10.2420000+01:00;156.77;3.65;-90.43;41.7;-1.442;-0.645;31.316;-32.280;22.071;-19.646;96.496;-75.263;122.428;"0001-01-01T00:00:10.244+01:00|W1|1.0|-0.40|0.22|-0.40|0.91;0001-01-01T00:00:10.244+01:00|W2|0.5|-0.44|0.15|-0.44|0.32;0001-01-01T00:00:10.244+01:00|W3|1.0|0.35|0.06|0.35|0.85;0001-01-01T00:00:10.244+01:00|W4|1.3|-0.36|0.48|-0.36|1.20;0001-01-01T00:00:10.244+01:00|W5|1.4|0.03|0.20|0.03|1.38;0001-01-01T00:00:10.244+01:00|W6|0.8|-0.43|0.26|-0.43|0.58;0001-01-01T00:00:10.244+01:00|W7|1.3|-0.05|0.21|-0.05|1.25;0001-01-01T00:00:10.244+01:00|W8|1.9|-0.31|0.03|-0.31|1.85;0001-01-01T00:00:10.244+01:00|W9|1.3|-1.04|0.09|-1.04|0.77;0001-01-01T00:00:10.244+01:00|W10|1.1|-0.62|0.26|-0.62|0.89;0001-01-01T00:00:10.244+01:00|W11|0.7|-0.23|0.05|-0.23|0.67;0001-01-01T00:00:10.244+01:00|W12|1.1|-1.09|0.19|-1.09|0.11"
182.00;2.20;0001-01-01T00:00:10.2710000+01:00;157.55;3.67;-91.04;41.5;-1.439;-0.489;30.897;-31.716;21.908;-19.317;96.447;-75.388;122.464;"0001-01-01T00:00:10.244+01:00|W1|1.0|-0.40|0.22|-0.40|0.91;0001-01-01T00:00:10.244+01:00|W2|0.5|-0.44|0.15|-0.44|0.32;0001-01-01T00:00:10.244+01:00|W3|1.0|0.35|0.06|0.35|0.85;0001-01-01T00:00:10.244+01:00|W4|1.3|-0.36|0.48|-0.36|1.20;0001-01-01T00:00:10.244+01:00|W5|1.4|0.03|0.20|0.03|1.38;0001-01-01T00:00:10.244+01:00|W6|0.8|-0.43|0.26|-0.43|0.58;0001-01-01T00:00:10.244+01:00|W7|1.3|-0.05|0.21|-0.05|1.25;0001-01-01T00:00:10.244+01:00|W8|1.9|-0.31|0.03|-0.31|1.85;0001-01-01T00:00:10.244+01:00|W9|1.3|-1.04|0.09|-1.04|0.77;0001-01-01T00:00:10.244+01:00|W10|1.1|-0.62|0.26|-0.62|0.89;0001-01-01T00:00:10.244+01:00|W11|0.7|-0.23|0.05|-0.23|0.67;0001-01-01T00:00:10.244+01:00|W12|1.1|-1.09|0.19|-1.09|0.11"
183.00;2.14;0001-01-01T00:00:10.3000000+01:00;158.34;3.70;-91.65;41.3;-1.464;-0.360;30.327;-31.235;21.741;-18.968;96.389;-75.588;122.540;"0001-01-01T00:00:10.244+01:00|W1|1.0|-0.40|0.22|-0.40|0.91;0001-01-01T00:00:10.244+01:00|W2|0.5|-0.44|0.15|-0.44|0.32;0001-01-01T00:00:10.244+01:00|W3|1.0|0.35|0.06|0.35|0.85;0001-01-01T00:00:10.244+01:00|W4|1.3|-0.36|0.48|-0.36|1.20;0001-01-01T00:00:10.244+01:00|W5|1.4|0.03|0.20|0.03|1.38;0001-01-01T00:00:10.244+01:00|W6|0.8|-0.43|0.26|-0.43|0.58;0001-01-01T00:00:10.244+01:00|W7|1.3|-0.05|0.21|-0.05|1.25;0001-01-01T00:00:10.244+01:00|W8|1.9|-0.31|0.03|-0.31|1.85;0001-01-01T00:00:10.244+01:00|W9|1.3|-1.04|0.09|-1.04|0.77;0001-01-01T00:00:10.244+01:00|W10|1.1|-0.62|0.26|-0.62|0.89;0001-01-01T00:00:10.244+01:00|W11|0.7|-0.23|0.05|-0.23|0.67;0001-01-01T00:00:10.244+01:00|W12|1.1|-1.09|0.19|-1.09|0.11"
184.00;2.07;0001-01-01T00:00:10.3300000+01:00;159.13;3.73;-92.27;40.4;-1.580;-0.232;29.227;-30.758;21.539;-18.622;96.277;-75.381;122.326;"0001-01-01T00:00:10.244+01:00|W1|1.0|-0.40|0.22|-0.40|0.91;0001-01-01T00:00:10.244+01:00|W2|0.5|-0.44|0.15|-0.44|0.32;0001-01-01T00:00:10.244+01:00|W3|1.0|0.35|0.06|0.35|0.85;0001-01-01T00:00:10.244+01:00|W4|1.3|-0.36|0.48|-0.36|1.20;0001-01-01T00:00:10.244+01:00|W5|1.4|0.03|0.20|0.03|1.38;0001-01-01T00:00:10.244+01:00|W6|0.8|-0.43|0.26|-0.43|0.58;0001-01-01T00:00:10.244+01:00|W7|1.3|-0.05|0.21|-0.05|1.25;0001-01-01T00:00:10.244+01:00|W8|1.9|-0.31|0.03|-0.31|1.85;0001-01-01T00:00:10.244+01:00|W9|1.3|-1.04|0.09|-1.04|0.77;0001-01-01T00:00:10.244+01:00|W10|1.1|-0.62|0.26|-0.62|0.89;0001-01-01T00:00:10.244+01:00|W11|0.7|-0.23|0.05|-0.23|0.67;0001-01-01T00:00:10.244+01:00|W12|1.1|-1.09|0.19|-1.09|0.11"
185.00;1.99;0001-01-01T00:00:10.3590000+01:00;159.91;3.76;-92.89;39.7;-1.714;-0.308;28.310;-30.555;21.329;-18.340;96.164;-75.303;122.190;"0001-01-01T00:00:10.244+01:00|W1|1.0|-0.40|0.22|-0.40|0.91;0001-01-01T00:00:10.244+01:00|W2|0.5|-0.44|0.15|-0.44|0.32;0001-01-01T00:00:10.244+01:00|W3|1.0|0.35|0.06|0.35|0.85;0001-01-01T00:00:10.244+01:00|W4|1.3|-0.36|0.48|-0.36|1.20;0001-01-01T00:00:10.244+01:00|W5|1.4|0.03|0.20|0.03|1.38;0001-01-01T00:00:10.244+01:00|W6|0.8|-0.43|0.26|-0.43|0.58;0001-01-01T00:00:10.244+01:00|W7|1.3|-0.05|0.21|-0.05|1.25;0001-01-01T00:00:10.244+01:00|W8|1.9|-0.31|0.03|-0.31|1.85;0001-01-01T00:00:10.244+01:00|W9|1.3|-1.04|0.09|-1.04|0.77;0001-01-01T00:00:10.244+01:00|W10|1.1|-0.62|0.26|-0.62|0.89;0001-01-01T00:00:10.244+01:00|W11|0.7|-0.23|0.05|-0.23|0.67;0001-01-01T00:00:10.244+01:00|W12|1.1|-1.09|0.19|-1.09|0.11"
186.00;1.91;0001-01-01T00:00:10.3890000+01:00;160.70;3.79;-93.51;39.3;-1.882;-0.774;27.742;-30.876;21.103;-18.179;96.049;-75.474;122.203;"0001-01-01T00:00:10.496+01:00|W1|1.0|-0.40|0.22|-0.40|0.91;0001-01-01T00:00:10.496+01:00|W2|0.5|-0.44|0.15|-0.44|0.32;0001-01-01T00:00:10.496+01:00|W3|1.0|0.35|0.06|0.35|0.85;0001-01-01T00:00:10.496+01:00|W4|1.2|-0.33|0.49|-0.33|1.18;0001-01-01T00:00:10.496+01:00|W5|1.4|0.03|0.20|0.03|1.38;0001-01-01T00:00:10.496+01:00|W6|0.7|-0.37|0.28|-0.37|0.57;0001-01-01T00:00:10.496+01:00|W7|1.3|-0.05|0.21|-0.05|1.25;0001-01-01T00:00:10.496+01:00|W8|1.9|-0.31|0.03|-0.31|1.85;0001-01-01T00:00:10.496+01:00|W9|1.3|-1.04|0.09|-1.04|0.77;0001-01-01T00:00:10.496+01:00|W10|1.1|-0.62|0.26|-0.62|0.89;0001-01-01T00:00:10.496+01:00|W11|0.7|-0.23|0.05|-0.23|0.67;0001-01-01T00:00:10.496+01:00|W12|1.2|-1.15|0.24|-1.15|0.05"
187.00;1.83;0001-01-01T00:00:10.4180000+01:00;161.48;3.82;-94.13;39.1;-2.260;-1.759;26.397;-30.221;20.858;-18.215;95.960;-75.637;122.235;"0001-01-01T00:00:10.496+01:00|W1|1.0|-0.40|0.22|-0.40|0.91;0001-01-01T00:00:10.496+01:00|W2|0.5|-0.44|0.15|-0.44|0.32;0001-01-01T00:00:10.496+01:00|W3|1.0|0.35|0.06|0.35|0.85;0001-01-01T00:00:10.496+01:00|W4|1.2|-0.33|0.49|-0.33|1.18;0001-01-01T00:00:10.496+01:00|W5|1.4|0.03|0.20|0.03|1.38;0001-01-01T00:00:10.496+01:00|W6|0.7|-0.37|0.28|-0.37|0.57;0001-01-01T00:00:10.496+01:00|W7|1.3|-0.05|0.21|-0.05|1.25;0001-01-01T00:00:10.496+01:00|W8|1.9|-0.31|0.03|-0.31|1.85;0001-01-01T00:00:10.496+01:00|W9|1.3|-1.04|0.09|-1.04|0.77;0001-01-01T00:00:10.496+01:00|W10|1.1|-0.62|0.26|-0.62|0.89;0001-01-01T00:00:10.496+01:00|W11|0.7|-0.23|0.05|-0.23|0.67;0001-01-01T00:00:10.496+01:00|W12|1.2|-1.15|0.24|-1.15|0.05"
188.00;1.75;0001-01-01T00:00:10.4470000+01:00;162.27;3.84;-94.75;38.9;-2.755;-3.030;24.621;-29.023;20.602;-18.359;95.888;-75.797;122.278;"0001-01-01T00:00:10.496+01:00|W1|1.0|-0.40|0.22|-0.40|0.91;0001-01-01T00:00:10.496+01:00|W2|0.5|-0.44|0.15|-0.44|0.32;0001-01-01T00:00:10.496+01:00|W3|1.0|0.35|0.06|0.35|0.85;0001-01-01T00:00:10.496+01:00|W4|1.2|-0.33|0.49|-0.33|1.18;0001-01-01T00:00:10.496+01:00|W5|1.4|0.03|0.20|0.03|1.38;0001-01-01T00:00:10.496+01:00|W6|0.7|-0.37|0.28|-0.37|0.57;0001-01-01T00:00:10.496+01:00|W7|1.3|-0.05|0.21|-0.05|1.25;0001-01-01T00:00:10.496+01:00|W8|1.9|-0.31|0.03|-0.31|1.85;0001-01-01T00:00:10.496+01:00|W9|1.3|-1.04|0.09|-1.04|0.77;0001-01-01T00:00:10.496+01:00|W10|1.1|-0.62|0.26|-0.62|0.89;0001-01-01T00:00:10.496+01:00|W11|0.7|-0.23|0.05|-0.23|0.67;0001-01-01T00:00:10.496+01:00|W12|1.2|-1.15|0.24|-1.15|0.05"
189.00;1.66;0001-01-01T00:00:10.4770000+01:00;163.05;3.87;-95.37;38.2;-3.428;-4.252;23.528;-27.433;20.168;-18.116;95.904;-75.768;122.273;"0001-01-01T00:00:10.496+01:00|W1|1.0|-0.40|0.22|-0.40|0.91;0001-01-01T00:00:10.496+01:00|W2|0.5|-0.44|0.15|-0.44|0.32;0001-01-01T00:00:10.496+01:00|W3|1.0|0.35|0.06|0.35|0.85;0001-01-01T00:00:10.496+01:00|W4|1.2|-0.33|0.49|-0.33|1.18;0001-01-01T00:00:10.496+01:00|W5|1.4|0.03|0.20|0.03|1.38;0001-01-01T00:00:10.496+01:00|W6|0.7|-0.37|0.28|-0.37|0.57;0001-01-01T00:00:10.496+01:00|W7|1.3|-0.05|0.21|-0.05|1.25;0001-01-01T00:00:10.496+01:00|W8|1.9|-0.31|0.03|-0.31|1.85;0001-01-01T00:00:10.496+01:00|W9|1.3|-1.04|0.09|-1.04|0.77;0001-01-01T00:00:10.496+01:00|W10|1.1|-0.62|0.26|-0.62|0.89;0001-01-01T00:00:10.496+01:00|W11|0.7|-0.23|0.05|-0.23|0.67;0001-01-01T00:00:10.496+01:00|W12|1.2|-1.15|0.24|-1.15|0.05"
190.00;1.57;0001-01-01T00:00:10.5060000+01:00;163.83;3.90;-95.98;37.4;-4.112;-5.470;22.477;-25.818;19.722;-17.847;95.927;-75.726;122.265;"0001-01-01T00:00:10.496+01:00|W1|1.0|-0.40|0.22|-0.40|0.91;0001-01-01T00:00:10.496+01:00|W2|0.5|-0.44|0.15|-0.44|0.32;0001-01-01T00:00:10.496+01:00|W3|1.0|0.35|0.06|0.35|0.85;0001-01-01T00:00:10.496+01:00|W4|1.2|-0.33|0.49|-0.33|1.18;0001-01-01T00:00:10.496+01:00|W5|1.4|0.03|0.20|0.03|1.38;0001-01-01T00:00:10.496+01:00|W6|0.7|-0.37|0.28|-0.37|0.57;0001-01-01T00:00:10.496+01:00|W7|1.3|-0.05|0.21|-0.05|1.25;0001-01-01T00:00:10.496+01:00|W8|1.9|-0.31|0.03|-0.31|1.85;0001-01-01T00:00:10.496+01:00|W9|1.3|-1.04|0.09|-1.04|0.77;0001-01-01T00:00:10.496+01:00|W10|1.1|-0.62|0.26|-0.62|0.89;0001-01-01T00:00:10.496+01:00|W11|0.7|-0.23|0.05|-0.23|0.67;0001-01-01T00:00:10.496+01:00|W12|1.2|-1.15|0.24|-1.15|0.05"
191.00;1.48;0001-01-01T00:00:10.5360000+01:00;164.62;3.93;-96.60;36.7;-4.797;-6.688;21.427;-24.203;19.276;-17.578;95.949;-75.685;122.257;"0001-01-01T00:00:10.496+01:00|W1|1.0|-0.40|0.22|-0.40|0.91;0001-01-01T00:00:10.496+01:00|W2|0.5|-0.44|0.15|-0.44|0.32;0001-01-01T00:00:10.496+01:00|W3|1.0|0.35|0.06|0.35|0.85;0001-01-01T00:00:10.496+01:00|W4|1.2|-0.33|0.49|-0.33|1.18;0001-01-01T00:00:10.496+01:00|W5|1.4|0.03|0.20|0.03|1.38;0001-01-01T00:00:10.496+01:00|W6|0.7|-0.37|0.28|-0.37|0.57;0001-01-01T00:00:10.496+01:00|W7|1.3|-0.05|0.21|-0.05|1.25;0001-01-01T00:00:10.496+01:00|W8|1.9|-0.31|0.03|-0.31|1.85;0001-01-01T00:00:10.496+01:00|W9|1.3|-1.04|0.09|-1.04|0.77;0001-01-01T00:00:10.496+01:00|W10|1.1|-0.62|0.26|-0.62|0.89;0001-01-01T00:00:10.496+01:00|W11|0.7|-0.23|0.05|-0.23|0.67;0001-01-01T00:00:10.496+01:00|W12|1.2|-1.15|0.24|-1.15|0.05"
192.00;1.38;0001-01-01T00:00:10.5650000+01:00;165.40;3.97;-97.23;35.7;-5.711;-7.553;20.185;-23.129;18.390;-16.867;96.117;-75.784;122.452;"0001-01-01T00:00:10.496+01:00|W1|1.0|-0.40|0.22|-0.40|0.91;0001-01-01T00:00:10.496+01:00|W2|0.5|-0.44|0.15|-0.44|0.32;0001-01-01T00:00:10.496+01:00|W3|1.0|0.35|0.06|0.35|0.85;0001-01-01T00:00:10.496+01:00|W4|1.2|-0.33|0.49|-0.33|1.18;0001-01-01T00:00:10.496+01:00|W5|1.4|0.03|0.20|0.03|1.38;0001-01-01T00:00:10.496+01:00|W6|0.7|-0.37|0.28|-0.37|0.57;0001-01-01T00:00:10.496+01:00|W7|1.3|-0.05|0.21|-0.05|1.25;0001-01-01T00:00:10.496+01:00|W8|1.9|-0.31|0.03|-0.31|1.85;0001-01-01T00:00:10.496+01:00|W9|1.3|-1.04|0.09|-1.04|0.77;0001-01-01T00:00:10.496+01:00|W10|1.1|-0.62|0.26|-0.62|0.89;0001-01-01T00:00:10.496+01:00|W11|0.7|-0.23|0.05|-0.23|0.67;0001-01-01T00:00:10.496+01:00|W12|1.2|-1.15|0.24|-1.15|0.05"
193.00;1.28;0001-01-01T00:00:10.5940000+01:00;166.19;4.01;-97.85;34.6;-6.813;-8.127;18.787;-22.499;17.143;-15.793;96.405;-75.998;122.813;"0001-01-01T00:00:10.496+01:00|W1|1.0|-0.40|0.22|-0.40|0.91;0001-01-01T00:00:10.496+01:00|W2|0.5|-0.44|0.15|-0.44|0.32;0001-01-01T00:00:10.496+01:00|W3|1.0|0.35|0.06|0.35|0.85;0001-01-01T00:00:10.496+01:00|W4|1.2|-0.33|0.49|-0.33|1.18;0001-01-01T00:00:10.496+01:00|W5|1.4|0.03|0.20|0.03|1.38;0001-01-01T00:00:10.496+01:00|W6|0.7|-0.37|0.28|-0.37|0.57;0001-01-01T00:00:10.496+01:00|W7|1.3|-0.05|0.21|-0.05|1.25;0001-01-01T00:00:10.496+01:00|W8|1.9|-0.31|0.03|-0.31|1.85;0001-01-01T00:00:10.496+01:00|W9|1.3|-1.04|0.09|-1.04|0.77;0001-01-01T00:00:10.496+01:00|W10|1.1|-0.62|0.26|-0.62|0.89;0001-01-01T00:00:10.496+01:00|W11|0.7|-0.23|0.05|-0.23|0.67;0001-01-01T00:00:10.496+01:00|W12|1.2|-1.15|0.24|-1.15|0.05"
194.00;1.18;0001-01-01T00:00:10.6240000+01:00;166.97;4.04;-98.47;33.5;-7.916;-8.702;17.388;-21.869;15.896;-14.718;96.693;-76.212;123.175;"0001-01-01T00:00:10.747+01:00|W1|1.1|-0.22|0.07|-0.22|1.08;0001-01-01T00:00:10.747+01:00|W2|0.6|-0.41|0.19|-0.41|0.42;0001-01-01T00:00:10.747+01:00|W3|1.0|0.31|0.04|0.31|0.87;0001-01-01T00:00:10.747+01:00|W4|1.2|-0.29|0.47|-0.29|1.19;0001-01-01T00:00:10.747+01:00|W5|1.2|0.00|0.07|0.00|0.93;0001-01-01T00:00:10.747+01:00|W6|0.7|-0.29|0.34|-0.29|0.56;0001-01-01T00:00:10.747+01:00|W7|1.4|0.03|0.13|0.03|1.27;0001-01-01T00:00:10.747+01:00|W8|1.7|-0.24|0.21|-0.24|1.66;0001-01-01T00:00:10.747+01:00|W9|1.3|-0.95|0.17|-0.95|0.75;0001-01-01T00:00:10.747+01:00|W10|1.1|-0.25|0.20|-0.25|1.08;0001-01-01T00:00:10.747+01:00|W11|0.7|-0.28|0.02|-0.28|0.66;0001-01-01T00:00:10.747+01:00|W12|1.3|-1.20|0.26|-1.20|0.02"
195.00;1.08;0001-01-01T00:00:10.6530000+01:00;167.75;4.08;-99.09;32.1;-9.019;-9.360;15.989;-20.973;14.648;-13.598;96.980;-76.417;123.530;"0001-01-01T00:00:10.747+01:00|W1|1.1|-0.22|0.07|-0.22|1.08;0001-01-01T00:00:10.747+01:00|W2|0.6|-0.41|0.19|-0.41|0.42;0001-01-01T00:00:10.747+01:00|W3|1.0|0.31|0.04|0.31|0.87;0001-01-01T00:00:10.747+01:00|W4|1.2|-0.29|0.47|-0.29|1.19;0001-01-01T00:00:10.747+01:00|W5|1.2|0.00|0.07|0.00|0.93;0001-01-01T00:00:10.747+01:00|W6|0.7|-0.29|0.34|-0.29|0.56;0001-01-01T00:00:10.747+01:00|W7|1.4|0.03|0.13|0.03|1.27;0001-01-01T00:00:10.747+01:00|W8|1.7|-0.24|0.21|-0.24|1.66;0001-01-01T00:00:10.747+01:00|W9|1.3|-0.95|0.17|-0.95|0.75;0001-01-01T00:00:10.747+01:00|W10|1.1|-0.25|0.20|-0.25|1.08;0001-01-01T00:00:10.747+01:00|W11|0.7|-0.28|0.02|-0.28|0.66;0001-01-01T00:00:10.747+01:00|W12|1.3|-1.20|0.26|-1.20|0.02"
196.00;0.98;0001-01-01T00:00:10.6820000+01:00;168.55;4.10;-99.71;28.6;-10.124;-10.584;14.588;-18.273;13.399;-12.166;97.260;-76.557;123.838;"0001-01-01T00:00:10.747+01:00|W1|1.1|-0.22|0.07|-0.22|1.08;0001-01-01T00:00:10.747+01:00|W2|0.6|-0.41|0.19|-0.41|0.42;0001-01-01T00:00:10.747+01:00|W3|1.0|0.31|0.04|0.31|0.87;0001-01-01T00:00:10.747+01:00|W4|1.2|-0.29|0.47|-0.29|1.19;0001-01-01T00:00:10.747+01:00|W5|1.2|0.00|0.07|0.00|0.93;0001-01-01T00:00:10.747+01:00|W6|0.7|-0.29|0.34|-0.29|0.56;0001-01-01T00:00:10.747+01:00|W7|1.4|0.03|0.13|0.03|1.27;0001-01-01T00:00:10.747+01:00|W8|1.7|-0.24|0.21|-0.24|1.66;0001-01-01T00:00:10.747+01:00|W9|1.3|-0.95|0.17|-0.95|0.75;0001-01-01T00:00:10.747+01:00|W10|1.1|-0.25|0.20|-0.25|1.08;0001-01-01T00:00:10.747+01:00|W11|0.7|-0.28|0.02|-0.28|0.66;0001-01-01T00:00:10.747+01:00|W12|1.3|-1.20|0.26|-1.20|0.02"
197.00;0.88;0001-01-01T00:00:10.7110000+01:00;169.34;4.13;-100.32;25.0;-11.228;-11.808;13.188;-15.573;12.150;-10.734;97.541;-76.697;124.147;"0001-01-01T00:00:10.747+01:00|W1|1.1|-0.22|0.07|-0.22|1.08;0001-01-01T00:00:10.747+01:00|W2|0.6|-0.41|0.19|-0.41|0.42;0001-01-01T00:00:10.747+01:00|W3|1.0|0.31|0.04|0.31|0.87;0001-01-01T00:00:10.747+01:00|W4|1.2|-0.29|0.47|-0.29|1.19;0001-01-01T00:00:10.747+01:00|W5|1.2|0.00|0.07|0.00|0.93;0001-01-01T00:00:10.747+01:00|W6|0.7|-0.29|0.34|-0.29|0.56;0001-01-01T00:00:10.747+01:00|W7|1.4|0.03|0.13|0.03|1.27;0001-01-01T00:00:10.747+01:00|W8|1.7|-0.24|0.21|-0.24|1.66;0001-01-01T00:00:10.747+01:00|W9|1.3|-0.95|0.17|-0.95|0.75;0001-01-01T00:00:10.747+01:00|W10|1.1|-0.25|0.20|-0.25|1.08;0001-01-01T00:00:10.747+01:00|W11|0.7|-0.28|0.02|-0.28|0.66;0001-01-01T00:00:10.747+01:00|W12|1.3|-1.20|0.26|-1.20|0.02"
198.00;0.78;0001-01-01T00:00:10.7410000+01:00;170.13;4.15;-100.94;21.5;-12.333;-13.033;11.786;-12.871;10.900;-9.301;97.821;-76.837;124.455;"0001-01-01T00:00:10.747+01:00|W1|1.1|-0.22|0.07|-0.22|1.08;0001-01-01T00:00:10.747+01:00|W2|0.6|-0.41|0.19|-0.41|0.42;0001-01-01T00:00:10.747+01:00|W3|1.0|0.31|0.04|0.31|0.87;0001-01-01T00:00:10.747+01:00|W4|1.2|-0.29|0.47|-0.29|1.19;0001-01-01T00:00:10.747+01:00|W5|1.2|0.00|0.07|0.00|0.93;0001-01-01T00:00:10.747+01:00|W6|0.7|-0.29|0.34|-0.29|0.56;0001-01-01T00:00:10.747+01:00|W7|1.4|0.03|0.13|0.03|1.27;0001-01-01T00:00:10.747+01:00|W8|1.7|-0.24|0.21|-0.24|1.66;0001-01-01T00:00:10.747+01:00|W9|1.3|-0.95|0.17|-0.95|0.75;0001-01-01T00:00:10.747+01:00|W10|1.1|-0.25|0.20|-0.25|1.08;0001-01-01T00:00:10.747+01:00|W11|0.7|-0.28|0.02|-0.28|0.66;0001-01-01T00:00:10.747+01:00|W12|1.3|-1.20|0.26|-1.20|0.02"
199.00;0.68;0001-01-01T00:00:10.7700000+01:00;170.92;4.18;-101.55;17.9;-13.438;-14.258;10.385;-10.169;9.650;-7.868;98.101;-76.977;124.764;"0001-01-01T00:00:10.747+01:00|W1|1.1|-0.22|0.07|-0.22|1.08;0001-01-01T00:00:10.747+01:00|W2|0.6|-0.41|0.19|-0.41|0.42;0001-01-01T00:00:10.747+01:00|W3|1.0|0.31|0.04|0.31|0.87;0001-01-01T00:00:10.747+01:00|W4|1.2|-0.29|0.47|-0.29|1.19;0001-01-01T00:00:10.747+01:00|W5|1.2|0.00|0.07|0.00|0.93;0001-01-01T00:00:10.747+01:00|W6|0.7|-0.29|0.34|-0.29|0.56;0001-01-01T00:00:10.747+01:00|W7|1.4|0.03|0.13|0.03|1.27;0001-01-01T00:00:10.747+01:00|W8|1.7|-0.24|0.21|-0.24|1.66;0001-01-01T00:00:10.747+01:00|W9|1.3|-0.95|0.17|-0.95|0.75;0001-01-01T00:00:10.747+01:00|W10|1.1|-0.25|0.20|-0.25|1.08;0001-01-01T00:00:10.747+01:00|W11|0.7|-0.28|0.02|-0.28|0.66;0001-01-01T00:00:10.747+01:00|W12|1.3|-1.20|0.26|-1.20|0.02"
200.00;0.58;0001-01-01T00:00:10.7990000+01:00;171.71;4.20;-102.17;14.3;-14.552;-15.483;8.984;-7.455;8.405;-6.439;98.382;-77.131;125.081;"0001-01-01T00:00:10.747+01:00|W1|1.1|-0.22|0.07|-0.22|1.08;0001-01-01T00:00:10.747+01:00|W2|0.6|-0.41|0.19|-0.41|0.42;0001-01-01T00:00:10.747+01:00|W3|1.0|0.31|0.04|0.31|0.87;0001-01-01T00:00:10.747+01:00|W4|1.2|-0.29|0.47|-0.29|1.19;0001-01-01T00:00:10.747+01:00|W5|1.2|0.00|0.07|0.00|0.93;0001-01-01T00:00:10.747+01:00|W6|0.7|-0.29|0.34|-0.29|0.56;0001-01-01T00:00:10.747+01:00|W7|1.4|0.03|0.13|0.03|1.27;0001-01-01T00:00:10.747+01:00|W8|1.7|-0.24|0.21|-0.24|1.66;0001-01-01T00:00:10.747+01:00|W9|1.3|-0.95|0.17|-0.95|0.75;0001-01-01T00:00:10.747+01:00|W10|1.1|-0.25|0.20|-0.25|1.08;0001-01-01T00:00:10.747+01:00|W11|0.7|-0.28|0.02|-0.28|0.66;0001-01-01T00:00:10.747+01:00|W12|1.3|-1.20|0.26|-1.20|0.02"
201.00;0.46;0001-01-01T00:00:10.8270000+01:00;172.50;4.25;-102.79;13.6;-16.975;-16.584;7.868;-3.052;8.151;-5.727;98.656;-79.473;126.761;"0001-01-01T00:00:10.747+01:00|W1|1.1|-0.22|0.07|-0.22|1.08;0001-01-01T00:00:10.747+01:00|W2|0.6|-0.41|0.19|-0.41|0.42;0001-01-01T00:00:10.747+01:00|W3|1.0|0.31|0.04|0.31|0.87;0001-01-01T00:00:10.747+01:00|W4|1.2|-0.29|0.47|-0.29|1.19;0001-01-01T00:00:10.747+01:00|W5|1.2|0.00|0.07|0.00|0.93;0001-01-01T00:00:10.747+01:00|W6|0.7|-0.29|0.34|-0.29|0.56;0001-01-01T00:00:10.747+01:00|W7|1.4|0.03|0.13|0.03|1.27;0001-01-01T00:00:10.747+01:00|W8|1.7|-0.24|0.21|-0.24|1.66;0001-01-01T00:00:10.747+01:00|W9|1.3|-0.95|0.17|-0.95|0.75;0001-01-01T00:00:10.747+01:00|W10|1.1|-0.25|0.20|-0.25|1.08;0001-01-01T00:00:10.747+01:00|W11|0.7|-0.28|0.02|-0.28|0.66;0001-01-01T00:00:10.747+01:00|W12|1.3|-1.20|0.26|-1.20|0.02"
202.00;0.33;0001-01-01T00:00:10.8560000+01:00;173.28;4.29;-103.42;12.9;-19.464;-18.294;6.722;0.510;7.889;-4.900;98.970;-81.607;128.356;"0001-01-01T00:00:10.747+01:00|W1|1.1|-0.22|0.07|-0.22|1.08;0001-01-01T00:00:10.747+01:00|W2|0.6|-0.41|0.19|-0.41|0.42;0001-01-01T00:00:10.747+01:00|W3|1.0|0.31|0.04|0.31|0.87;0001-01-01T00:00:10.747+01:00|W4|1.2|-0.29|0.47|-0.29|1.19;0001-01-01T00:00:10.747+01:00|W5|1.2|0.00|0.07|0.00|0.93;0001-01-01T00:00:10.747+01:00|W6|0.7|-0.29|0.34|-0.29|0.56;0001-01-01T00:00:10.747+01:00|W7|1.4|0.03|0.13|0.03|1.27;0001-01-01T00:00:10.747+01:00|W8|1.7|-0.24|0.21|-0.24|1.66;0001-01-01T00:00:10.747+01:00|W9|1.3|-0.95|0.17|-0.95|0.75;0001-01-01T00:00:10.747+01:00|W10|1.1|-0.25|0.20|-0.25|1.08;0001-01-01T00:00:10.747+01:00|W11|0.7|-0.28|0.02|-0.28|0.66;0001-01-01T00:00:10.747+01:00|W12|1.3|-1.20|0.26|-1.20|0.02"
203.00;0.15;0001-01-01T00:00:10.8870000+01:00;174.04;4.27;-104.08;12.1;-22.196;-22.257;5.464;0.967;7.601;-3.648;99.426;-82.970;129.568;"0001-01-01T00:00:10.994+01:00|W1|1.1|-0.22|0.07|-0.22|1.08;0001-01-01T00:00:10.994+01:00|W2|0.6|-0.41|0.19|-0.41|0.42;0001-01-01T00:00:10.994+01:00|W3|1.0|0.31|0.04|0.31|0.87;0001-01-01T00:00:10.994+01:00|W4|1.2|-0.24|0.49|-0.24|1.15;0001-01-01T00:00:10.994+01:00|W5|1.2|0.00|0.07|0.00|0.93;0001-01-01T00:00:10.994+01:00|W6|0.6|-0.28|0.40|-0.28|0.48;0001-01-01T00:00:10.994+01:00|W7|1.4|0.00|0.07|0.00|1.29;0001-01-01T00:00:10.994+01:00|W8|1.7|-0.24|0.21|-0.24|1.66;0001-01-01T00:00:10.994+01:00|W9|1.3|-0.95|0.17|-0.95|0.75;0001-01-01T00:00:10.994+01:00|W10|1.1|-0.25|0.20|-0.25|1.08;0001-01-01T00:00:10.994+01:00|W11|0.7|-0.28|0.02|-0.28|0.66;0001-01-01T00:00:10.994+01:00|W12|1.3|-1.23|0.26|-1.23|0.06"
204.00;0.05;0001-01-01T00:00:10.9140000+01:00;174.77;4.30;-104.68;10.2;-25.840;-25.672;5.776;1.360;7.157;-2.569;98.139;-80.523;127.012;"0001-01-01T00:00:10.994+01:00|W1|1.1|-0.22|0.07|-0.22|1.08;0001-01-01T00:00:10.994+01:00|W2|0.6|-0.41|0.19|-0.41|0.42;0001-01-01T00:00:10.994+01:00|W3|1.0|0.31|0.04|0.31|0.87;0001-01-01T00:00:10.994+01:00|W4|1.2|-0.24|0.49|-0.24|1.15;0001-01-01T00:00:10.994+01:00|W5|1.2|0.00|0.07|0.00|0.93;0001-01-01T00:00:10.994+01:00|W6|0.6|-0.28|0.40|-0.28|0.48;0001-01-01T00:00:10.994+01:00|W7|1.4|0.00|0.07|0.00|1.29;0001-01-01T00:00:10.994+01:00|W8|1.7|-0.24|0.21|-0.24|1.66;0001-01-01T00:00:10.994+01:00|W9|1.3|-0.95|0.17|-0.95|0.75;0001-01-01T00:00:10.994+01:00|W10|1.1|-0.25|0.20|-0.25|1.08;0001-01-01T00:00:10.994+01:00|W11|0.7|-0.28|0.02|-0.28|0.66;0001-01-01T00:00:10.994+01:00|W12|1.3|-1.23|0.26|-1.23|0.06"
205.00;0.00;0001-01-01T00:00:10.9380000+01:00;175.46;4.36;-105.24;7.6;-30.039;-28.755;7.042;1.715;6.617;-1.595;95.793;-75.764;122.197;"0001-01-01T00:00:10.994+01:00|W1|1.1|-0.22|0.07|-0.22|1.08;0001-01-01T00:00:10.994+01:00|W2|0.6|-0.41|0.19|-0.41|0.42;0001-01-01T00:00:10.994+01:00|W3|1.0|0.31|0.04|0.31|0.87;0001-01-01T00:00:10.994+01:00|W4|1.2|-0.24|0.49|-0.24|1.15;0001-01-01T00:00:10.994+01:00|W5|1.2|0.00|0.07|0.00|0.93;0001-01-01T00:00:10.994+01:00|W6|0.6|-0.28|0.40|-0.28|0.48;0001-01-01T00:00:10.994+01:00|W7|1.4|0.00|0.07|0.00|1.29;0001-01-01T00:00:10.994+01:00|W8|1.7|-0.24|0.21|-0.24|1.66;0001-01-01T00:00:10.994+01:00|W9|1.3|-0.95|0.17|-0.95|0.75;0001-01-01T00:00:10.994+01:00|W10|1.1|-0.25|0.20|-0.25|1.08;0001-01-01T00:00:10.994+01:00|W11|0.7|-0.28|0.02|-0.28|0.66;0001-01-01T00:00:10.994+01:00|W12|1.3|-1.23|0.26|-1.23|0.06"
